date,rfh_lag1,rfh_lag2,rfh_lag3,rfq_lag1,rfq_lag2,rfq_lag3,r1h_lag1,r3h_lag1,rfh_roll6_mean,rfh_roll6_std,month_sin,month_cos
1981-04-01,42.347828,54.243477,14.469565,131.46883,171.70435,73.38017,111.06087,152.41739,23.689855233333333,19.727704453157852,0.8660254037844387,-0.4999999999999998
1981-04-11,21.573914,42.347828,54.243477,69.81154,131.46883,171.70435,118.16522,171.59131,26.402898833333335,17.708068731128346,0.8660254037844387,-0.4999999999999998
1981-04-21,24.2,21.573914,42.347828,71.44276,69.81154,131.46883,88.12174,193.95651,27.960869833333334,16.880452412215135,0.8660254037844387,-0.4999999999999998
1981-05-01,45.408695,24.2,21.573914,129.40115,71.44276,69.81154,91.18261,233.32173,33.707246500000004,15.754454556525822,0.49999999999999994,-0.8660254037844387
1981-05-11,80.565216,45.408695,24.2,176.95827,129.40115,71.44276,150.17392,308.5913,44.72318833333333,21.62632313262416,0.49999999999999994,-0.8660254037844387
1981-05-21,26.982609,80.565216,45.408695,59.16354,176.95827,129.40115,152.95651,320.72174,40.17971033333333,22.08493769948244,0.49999999999999994,-0.8660254037844387
1981-06-01,103.87826,26.982609,80.565216,178.35843,59.16354,176.95827,211.42609,413.66956,50.43478233333334,34.2360273718178,1.2246467991473532e-16,-1.0
1981-06-11,30.426086,103.87826,26.982609,49.99877,178.35843,59.16354,161.28696,429.62607,51.910144333333335,32.90855785609137,1.2246467991473532e-16,-1.0
1981-06-21,52.626087,30.426086,103.87826,93.37047,49.99877,178.35843,186.93044,428.0087,56.6478255,30.042811581955593,1.2246467991473532e-16,-1.0
1981-07-01,129.1913,52.626087,30.426086,257.36728,93.37047,49.99877,212.24347,514.8522,70.611593,41.18050378544733,-0.4999999999999997,-0.8660254037844388
1981-07-11,65.95652,129.1913,52.626087,159.04778,257.36728,93.37047,247.7739,559.2348,68.17681033333334,40.90524551722433,-0.4999999999999997,-0.8660254037844388
1981-07-21,17.243479,65.95652,129.1913,86.37029,159.04778,257.36728,212.39131,552.27826,66.553622,43.006113819198085,-0.4999999999999997,-0.8660254037844388
1981-08-01,22.165216,17.243479,65.95652,111.12164,86.37029,159.04778,105.36521,529.0347,52.934781333333326,41.74205119041126,-0.8660254037844384,-0.5000000000000004
1981-08-11,21.104347,22.165216,17.243479,179.77483,111.12164,86.37029,60.513042,469.57388,51.381158166666665,42.9046545318579,-0.8660254037844384,-0.5000000000000004
1981-08-21,30.434782,21.104347,22.165216,211.5601,179.77483,111.12164,73.704346,473.02606,47.68260733333333,43.72452872154326,-0.8660254037844384,-0.5000000000000004
1981-09-01,7.7043476,30.434782,21.104347,52.4527,211.5601,179.77483,59.243477,376.85214,27.43478193333333,20.267805653837957,-1.0,-1.8369701987210297e-16
1981-09-11,55.104347,7.7043476,30.434782,254.89859,52.4527,211.5601,93.24348,401.5304,25.62608643333333,16.223267124349718,-1.0,-1.8369701987210297e-16
1981-09-21,43.06087,55.104347,7.7043476,143.53235,254.89859,52.4527,105.86957,391.96524,29.92898493333333,16.962228264985434,-1.0,-1.8369701987210297e-16
1981-10-01,22.2,43.06087,55.104347,79.34388,143.53235,254.89859,120.36522,284.97394,29.93478226666667,16.959049719618214,-0.8660254037844386,0.5000000000000001
1981-10-11,27.104347,22.2,43.06087,86.18114,79.34388,143.53235,92.36522,246.12173,30.934782266666662,16.50503931387268,-0.8660254037844386,0.5000000000000001
1981-10-21,27.33913,27.104347,22.2,76.27988,86.18114,79.34388,76.64348,256.21738,30.418840266666667,16.57204363881744,-0.8660254037844386,0.5000000000000001
1981-11-01,35.97391,27.33913,27.104347,96.96869,76.27988,86.18114,90.41739,270.0261,35.130434,12.287221666630543,-0.5000000000000004,0.8660254037844384
1981-11-11,18.565218,35.97391,27.33913,94.00148,96.96869,76.27988,81.87826,267.48697,29.040579166666664,9.031171249325537,-0.5000000000000004,0.8660254037844384
1981-11-21,8.356522,18.565218,35.97391,61.371265,94.00148,96.96869,62.895653,245.40869,23.256521166666662,9.363118869390899,-0.5000000000000004,0.8660254037844384
1981-12-01,8.417392,8.356522,18.565218,58.63502,61.371265,94.00148,35.33913,246.12173,20.95941983333333,11.187166263603228,-2.4492935982947064e-16,1.0
1981-12-11,3.9826088,8.417392,8.356522,55.90836,58.63502,61.371265,20.756523,194.99998,17.1057968,12.546816051310842,-2.4492935982947064e-16,1.0
1981-12-21,8.713043,3.9826088,8.417392,105.419136,55.90836,58.63502,21.113045,160.65216,14.001448966666665,11.789896693953004,-2.4492935982947064e-16,1.0
1982-01-01,4.330435,8.713043,3.9826088,72.97003,105.419136,55.90836,17.026087,142.7826,8.727536466666667,5.269969055062679,0.49999999999999994,0.8660254037844387
1982-01-11,2.5130434,4.330435,8.713043,79.744026,72.97003,105.419136,15.556521,118.19131,6.052174033333333,2.7479967406386483,0.49999999999999994,0.8660254037844387
1982-01-21,5.365217,2.5130434,4.330435,127.979385,79.744026,72.97003,12.208695,96.2174,5.5536232000000005,2.507110019383441,0.49999999999999994,0.8660254037844387
1982-02-01,4.869565,5.365217,2.5130434,82.80038,127.979385,79.744026,12.747826,65.113045,4.9623187,2.0783128281024643,0.8660254037844386,0.5000000000000001
1982-02-11,5.982609,4.869565,5.365217,86.669106,82.80038,127.979385,16.217392,52.530434,5.295652066666666,2.0499470756774425,0.8660254037844386,0.5000000000000001
1982-02-21,17.486956,5.982609,4.869565,118.05884,86.669106,82.80038,28.33913,61.660866,6.7579709,5.387587357011386,0.8660254037844386,0.5000000000000001
1982-03-01,36.808697,17.486956,5.982609,248.50969,118.05884,86.669106,60.27826,90.05217,12.171014566666665,13.164174458089942,1.0,6.123233995736766e-17
1982-03-11,35.31304,36.808697,17.486956,151.93855,248.50969,118.05884,89.608696,121.38261,17.637680666666668,15.029622419892567,1.0,6.123233995736766e-17
1982-03-21,37.304348,35.31304,36.808697,122.60996,151.93855,248.50969,109.42609,149.9739,22.96086916666667,15.463467755544624,1.0,6.123233995736766e-17
1982-04-01,30.147825,37.304348,35.31304,97.59357,122.60996,151.93855,102.76521,175.7913,27.1739125,12.755021113757588,0.8660254037844387,-0.4999999999999998
1982-04-11,34.66087,30.147825,37.304348,104.1919,97.59357,122.60996,102.11304,207.93913,31.95362266666667,7.528110400036442,0.8660254037844387,-0.4999999999999998
1982-04-21,35.486958,34.66087,30.147825,99.05821,104.1919,97.59357,100.295654,238.06087,34.953623,2.551949572739303,0.8660254037844387,-0.4999999999999998
1982-05-01,43.582607,35.486958,34.66087,124.71353,99.05821,104.1919,113.73044,276.7739,36.082608,4.380243273026097,0.49999999999999994,-0.8660254037844387
1982-05-11,51.52174,43.582607,35.486958,116.89316,124.71353,99.05821,130.59131,322.31302,38.784057999999995,7.6147255373552705,0.49999999999999994,-0.8660254037844387
1982-05-21,30.173914,51.52174,43.582607,65.067024,116.89316,124.71353,125.27826,335.0,37.595652333333334,8.407037705297814,0.49999999999999994,-0.8660254037844387
1982-06-01,50.8,30.173914,51.52174,91.40852,65.067024,116.89316,132.49565,348.9913,41.0376815,8.957574353600988,1.2246467991473532e-16,-1.0
1982-06-11,91.73913,50.8,30.173914,136.53322,91.40852,65.067024,172.71304,405.4174,50.550724833333334,21.85486621245624,1.2246467991473532e-16,-1.0
1982-06-21,60.756523,91.73913,50.8,106.54405,136.53322,91.40852,203.29565,428.8696,54.762319,20.779759278121134,1.2246467991473532e-16,-1.0
1982-07-01,63.01739,60.756523,91.73913,130.45146,106.54405,136.53322,215.51305,461.73917,58.0014495,20.195050961655053,-0.4999999999999997,-0.8660254037844388
1982-07-11,45.13913,63.01739,60.756523,112.38598,130.45146,106.54405,168.91304,472.2174,56.937681166666664,20.76469805238158,-0.4999999999999997,-0.8660254037844388
1982-07-21,17.84348,45.13913,63.01739,88.70006,112.38598,130.45146,126.0,454.5739,54.882608833333336,24.259352110762396,-0.4999999999999997,-0.8660254037844388
1982-08-01,5.521739,17.84348,45.13913,43.040077,88.70006,112.38598,68.50435,416.51303,47.336232,31.68823687150487,-0.8660254037844384,-0.5000000000000004
1982-08-11,8.0,5.521739,17.84348,89.5281,43.040077,88.70006,31.36522,372.9913,33.379710333333335,26.182958561207727,-0.8660254037844384,-0.5000000000000004
1982-08-21,9.547826,8.0,5.521739,86.856445,89.5281,43.040077,23.069565,352.3652,24.8449275,23.702954778289786,-0.8660254037844384,-0.5000000000000004
1982-09-01,8.869565,9.547826,8.0,57.263557,86.856445,89.5281,26.417389,310.43475,15.82029,14.957012721545134,-1.0,-1.8369701987210297e-16
1982-09-11,4.947826,8.869565,9.547826,42.18808,57.263557,86.856445,23.365217,223.64348,9.121739333333332,4.64658489741891,-1.0,-1.8369701987210297e-16
1982-09-21,5.4869566,4.947826,8.869565,31.318981,42.18808,57.263557,19.304348,168.37392,7.0623187666666665,1.9823906216535796,-1.0,-1.8369701987210297e-16
1982-10-01,4.173913,5.4869566,4.947826,26.760801,31.318981,42.18808,14.608695,109.53043,6.837681100000001,2.250159649973227,-0.8660254037844386,0.5000000000000001
1982-10-11,26.191305,4.173913,5.4869566,83.73016,26.760801,31.318981,35.852173,90.58261,9.869565266666667,8.2870252260831,-0.8660254037844386,0.5000000000000001
1982-10-21,45.304348,26.191305,4.173913,118.65531,83.73016,26.760801,75.66957,118.04347,15.828985599999998,16.64815967268113,-0.8660254037844386,0.5000000000000001
1982-11-01,22.695652,45.304348,26.191305,65.54442,118.65531,83.73016,94.1913,135.21739,18.13333343333333,16.447878654554135,-0.5000000000000004,0.8660254037844384
1982-11-11,6.2608695,22.695652,45.304348,44.91953,65.54442,118.65531,74.26087,133.47826,18.352174016666662,16.24483922692384,-0.5000000000000004,0.8660254037844384
1982-11-21,19.530436,6.2608695,22.695652,112.71377,44.91953,65.54442,48.486958,143.46086,20.692753916666664,14.98318126471531,-0.5000000000000004,0.8660254037844384
1982-12-01,4.8,19.530436,6.2608695,42.826744,112.71377,44.91953,30.591305,139.39131,20.79710175,14.846688486394761,-2.4492935982947064e-16,1.0
1982-12-11,1.9739131,4.8,19.530436,43.4061,42.826744,112.71377,26.30435,136.41739,16.760869766666666,16.306984917952885,-2.4492935982947064e-16,1.0
1982-12-21,3.0521739,1.9739131,4.8,61.901154,43.4061,42.826744,9.826087,133.9826,9.71884075,9.002732276928516,-2.4492935982947064e-16,1.0
1983-01-01,6.8,3.0521739,1.9739131,92.28363,61.901154,43.4061,11.826087,136.6087,7.069565416666667,6.375829116360249,0.49999999999999994,0.8660254037844387
1983-01-11,1.4173913,6.8,3.0521739,68.11469,92.28363,61.901154,11.269566,111.83479,6.262319049999999,6.79174775128817,0.49999999999999994,0.8660254037844387
1983-01-21,1.3826087,1.4173913,6.8,78.80609,68.11469,92.28363,9.6,67.91304,3.2376811666666665,2.1687428309916448,0.49999999999999994,0.8660254037844387
1983-02-01,2.0,1.3826087,1.4173913,58.726265,78.80609,68.11469,4.8,47.217392,2.7710144999999997,2.0640530614087855,0.8660254037844386,0.5000000000000001
1983-02-11,1.9217391,2.0,1.3826087,54.622807,58.726265,78.80609,5.304348,42.878265,2.7623188333333335,2.06818855895711,0.8660254037844386,0.5000000000000001
1983-02-21,6.1130433,1.9217391,2.0,58.34462,54.622807,58.726265,10.034782,29.460869,3.2724637333333333,2.4887294410954235,0.8660254037844386,0.5000000000000001
1983-03-01,2.921739,6.1130433,1.9217391,47.08659,58.34462,54.622807,10.956522,27.58261,2.6260869000000002,1.7967497776139345,1.0,6.123233995736766e-17
1983-03-11,2.7130435,2.921739,6.1130433,29.07021,47.08659,58.34462,11.747826,28.32174,2.8420289333333333,1.697549966454126,1.0,6.123233995736766e-17
1983-03-21,10.573913,2.7130435,2.921739,45.137604,29.07021,47.08659,16.208694,35.84348,4.373912983333333,3.405304414882371,1.0,6.123233995736766e-17
1983-04-01,10.208695,10.573913,2.7130435,42.229374,45.137604,29.07021,23.495651,39.25217,5.742028816666667,3.8770933318443834,0.8660254037844387,-0.4999999999999998
1983-04-11,23.81739,10.208695,10.573913,75.705315,42.229374,45.137604,44.6,61.652172,9.391303966666667,7.840664221676634,0.8660254037844387,-0.4999999999999998
1983-04-21,26.173914,23.81739,10.208695,76.27227,75.705315,42.229374,60.199997,86.443474,12.734782416666667,10.111537913137061,0.8660254037844387,-0.4999999999999998
1983-05-01,18.13913,26.173914,23.81739,59.399086,76.27227,75.705315,68.13043,102.5826,15.27101425,9.005912669726005,0.49999999999999994,-0.8660254037844387
1983-05-11,13.913043,18.13913,26.173914,39.11425,59.399086,76.27227,58.226086,114.573906,17.137680833333334,6.764127539182388,0.49999999999999994,-0.8660254037844387
1983-05-21,49.417393,13.913043,18.13913,100.66488,39.11425,59.399086,81.46957,157.87825,23.611594166666663,13.97279179791575,0.49999999999999994,-0.8660254037844387
1983-06-01,36.260868,49.417393,13.913043,67.59131,100.66488,39.11425,99.59131,191.21738,27.953622999999997,12.988007462589001,1.2246467991473532e-16,-1.0
1983-06-11,96.13043,36.260868,49.417393,142.7309,67.59131,100.66488,181.80869,284.63477,40.005796333333336,30.340998619643464,1.2246467991473532e-16,-1.0
1983-06-21,42.6,96.13043,36.260868,77.12538,142.7309,67.59131,174.9913,316.66086,42.74347733333334,29.5747207135433,1.2246467991473532e-16,-1.0
1983-07-01,8.565217,42.6,96.13043,26.016912,77.12538,142.7309,147.29565,315.0174,41.14782516666667,31.371399277406507,-0.4999999999999997,-0.8660254037844388
1983-07-11,7.2869563,8.565217,42.6,27.540997,26.016912,77.12538,58.45217,298.48694,40.04347738333333,32.6138959331534,-0.4999999999999997,-0.8660254037844388
1983-07-21,14.452174,7.2869563,8.565217,75.5318,27.540997,26.016912,30.304348,286.76523,34.21594088333334,33.70938879484238,-0.4999999999999997,-0.8660254037844388
1983-08-01,7.4173913,14.452174,7.2869563,50.7944,75.5318,27.540997,29.15652,276.0435,29.408694766666667,35.374955282261155,-0.8660254037844384,-0.5000000000000004
1983-08-11,5.0869565,7.4173913,14.452174,69.46662,50.7944,75.5318,26.956522,267.21738,14.234782516666668,14.249271055397074,-0.8660254037844384,-0.5000000000000004
1983-08-21,4.5304346,5.0869565,7.4173913,56.900578,69.46662,50.7944,17.034782,222.33044,7.88985495,3.556650072872461,-0.8660254037844384,-0.5000000000000004
1983-09-01,6.5478263,4.5304346,5.0869565,47.67775,56.900578,69.46662,16.165218,192.6174,7.553623166666665,3.5753437549533027,-1.0,-1.8369701987210297e-16
1983-09-11,19.878262,6.5478263,4.5304346,105.50707,47.67775,56.900578,30.956522,116.36522,9.652174116666666,6.153332909022115,-1.0,-1.8369701987210297e-16
1983-09-21,10.208695,19.878262,6.5478263,45.42031,105.50707,47.67775,36.634785,83.97391,8.944927616666666,5.71989615970929,-1.0,-1.8369701987210297e-16
1983-10-01,40.70435,10.208695,19.878262,133.32207,45.42031,105.50707,70.791306,116.11304,14.492754066666668,14.037402419234171,-0.8660254037844386,0.5000000000000001
1983-10-11,9.060869,40.70435,10.208695,37.7451,133.32207,45.42031,59.973915,117.88696,15.155072816666667,13.591524448349135,-0.8660254037844386,0.5000000000000001
1983-10-21,30.121738,9.060869,40.70435,82.84335,37.7451,133.32207,79.88696,133.55652,19.420290050000002,13.605979166088474,-0.8660254037844386,0.5000000000000001
1983-11-01,12.008696,30.121738,9.060869,40.25271,82.84335,37.7451,51.191307,138.14783,20.330434999999998,12.726936518479508,-0.5000000000000004,0.8660254037844384
1983-11-11,7.9652176,12.008696,30.121738,51.71816,40.25271,82.84335,50.09565,141.0261,18.344927600000002,13.703395702099838,-0.5000000000000004,0.8660254037844384
1983-11-21,16.913044,7.9652176,12.008696,100.68724,51.71816,40.25271,36.886955,153.4087,19.4623191,13.170238387961353,-0.5000000000000004,0.8660254037844384
1983-12-01,24.573914,16.913044,7.9652176,129.24023,100.68724,51.71816,49.452175,171.43477,16.7739131,8.931016299602073,-2.4492935982947064e-16,1.0
1983-12-11,10.591305,24.573914,16.913044,97.04132,129.24023,100.68724,52.078262,162.14784,17.028985766666665,8.68514227812933,-2.4492935982947064e-16,1.0
1983-12-21,14.356522,10.591305,24.573914,148.80342,97.04132,129.24023,49.52174,166.29567,14.401449766666667,5.8558809911005305,-2.4492935982947064e-16,1.0
1984-01-01,5.678261,14.356522,10.591305,83.5109,148.80342,97.04132,30.626087,131.26956,13.346377266666666,6.857789654095948,0.49999999999999994,0.8660254037844387
1984-01-11,1.547826,5.678261,14.356522,69.49914,83.5109,148.80342,21.58261,123.75653,12.276812,8.228383901777676,0.49999999999999994,0.8660254037844387
1984-01-21,2.5304348,1.547826,5.678261,92.97831,69.49914,83.5109,9.756521,96.165215,9.879710466666667,8.689673814078082,0.49999999999999994,0.8660254037844387
1984-02-01,4.8869567,2.5304348,1.547826,82.94629,92.97831,69.49914,8.965218,89.04348,6.598550916666667,4.9389083756549415,0.8660254037844386,0.5000000000000001
1984-02-11,2.3217392,4.8869567,2.5304348,57.7794,82.94629,92.97831,9.739131,83.4,5.22028995,4.7521677843273435,0.8660254037844386,0.5000000000000001
1984-02-21,8.991304,2.3217392,4.8869567,73.455795,57.7794,82.94629,16.2,75.47826,4.32608695,2.788107247384484,0.8660254037844386,0.5000000000000001
1984-03-01,7.0086956,8.991304,2.3217392,71.37935,73.455795,57.7794,18.32174,57.91304,4.54782605,2.964480232733489,1.0,6.123233995736766e-17
1984-03-11,21.026087,7.0086956,8.991304,98.091484,71.37935,73.455795,37.026085,68.347824,7.794202883333334,6.974812164117582,1.0,6.123233995736766e-17
1984-03-21,37.2,21.026087,7.0086956,122.30754,98.091484,71.37935,65.23479,91.1913,13.572463750000002,13.265774620394753,1.0,6.123233995736766e-17
1984-04-01,45.791306,37.2,21.026087,141.0302,122.30754,98.091484,104.017395,131.30435,20.3898553,17.684222795103352,0.8660254037844387,-0.4999999999999998
1984-04-11,40.72174,45.791306,37.2,120.11423,141.0302,122.30754,123.71304,170.47827,26.789855433333333,16.76202484871849,0.8660254037844387,-0.4999999999999998
1984-04-21,14.252174,40.72174,45.791306,47.10371,120.11423,141.0302,100.76522,182.20001,27.666667099999998,15.751949819315723,0.8660254037844387,-0.4999999999999998
1984-05-01,39.72174,14.252174,40.72174,114.80253,47.10371,120.11423,94.695656,217.03479,33.11884116666667,12.496682754725837,0.49999999999999994,-0.8660254037844387
1984-05-11,24.41739,39.72174,14.252174,60.838394,114.80253,47.10371,78.391304,239.13043,33.68405833333333,11.902933468341267,0.49999999999999994,-0.8660254037844387
1984-05-21,94.23478,24.41739,39.72174,183.57104,60.838394,114.80253,158.3739,324.3739,43.189855,27.641512812078364,0.49999999999999994,-0.8660254037844387
1984-06-01,33.234783,94.23478,24.41739,62.63414,183.57104,60.838394,151.88695,350.59998,41.09710116666667,27.879470412042107,1.2246467991473532e-16,-1.0
1984-06-11,38.730434,33.234783,94.23478,61.719154,62.63414,183.57104,166.2,368.30432,40.765216833333334,27.896679682312445,1.2246467991473532e-16,-1.0
1984-06-21,61.486958,38.730434,33.234783,107.72756,61.719154,62.63414,133.45218,392.5913,48.63768083333333,25.478299262690612,1.2246467991473532e-16,-1.0
1984-07-01,28.530436,61.486958,38.730434,64.308464,107.72756,61.719154,128.74783,375.33044,46.77246349999999,26.644518183809634,-0.4999999999999997,-0.8660254037844388
1984-07-11,41.443478,28.530436,61.486958,104.102234,64.308464,107.72756,131.46088,376.0522,49.61014483333333,24.61701001099983,-0.4999999999999997,-0.8660254037844388
1984-07-21,60.02609,41.443478,28.530436,252.49298,104.102234,64.308464,130.0,421.82608,43.9086965,13.799135340877093,-0.4999999999999997,-0.8660254037844388
1984-08-01,32.4,60.02609,41.443478,152.98792,252.49298,104.102234,133.86957,414.50433,43.769566,13.931849860852395,-0.8660254037844384,-0.5000000000000004
1984-08-11,30.556522,32.4,60.02609,244.86986,152.98792,252.49298,122.982605,420.64346,42.40724733333334,14.889851646419352,-0.8660254037844384,-0.5000000000000004
1984-08-21,14.208695,30.556522,32.4,114.68374,244.86986,152.98792,77.16522,340.6174,34.527536833333336,15.278235365715819,-0.8660254037844384,-0.5000000000000004
1984-09-01,39.286957,14.208695,30.556522,182.84846,114.68374,244.86986,84.05217,346.6696,36.32029033333334,15.063369149683485,-1.0,-1.8369701987210297e-16
1984-09-11,8.139131,39.286957,14.208695,55.72219,182.84846,114.68374,61.63478,316.07828,30.769565833333335,18.534254154681346,-1.0,-1.8369701987210297e-16
1984-09-21,72.32174,8.139131,39.286957,230.91905,55.72219,182.84846,119.747826,326.91302,32.81884083333333,22.640824582422404,-1.0,-1.8369701987210297e-16
1984-10-01,29.67826,72.32174,8.139131,101.15837,230.91905,55.72219,110.13913,328.06085,32.3652175,22.678129836544635,-0.8660254037844386,0.5000000000000001
1984-10-11,46.434784,29.67826,72.32174,138.0719,101.15837,230.91905,148.43478,333.05215,35.0115945,23.341590859002345,-0.8660254037844386,0.5000000000000001
1984-10-21,13.591305,46.434784,29.67826,43.852215,138.0719,101.15837,89.704346,286.6174,34.908696166666665,23.45273530059981,-0.8660254037844386,0.5000000000000001
1984-11-01,73.36522,13.591305,46.434784,185.45882,43.852215,138.0719,133.39131,327.58258,40.588406666666664,28.341963074692536,-0.5000000000000004,0.8660254037844384
1984-11-11,6.130435,73.36522,13.591305,44.399227,185.45882,43.852215,93.08696,303.1565,40.253624,28.809922589699024,-0.5000000000000004,0.8660254037844384
1984-11-21,21.313044,6.130435,73.36522,120.90459,44.399227,185.45882,100.80869,310.26086,31.752174666666665,24.685185275649804,-0.5000000000000004,0.8660254037844384
1984-12-01,6.573913,21.313044,6.130435,50.57888,120.90459,44.399227,34.01739,277.54782,27.901450166666667,26.78606773651895,-2.4492935982947064e-16,1.0
1984-12-11,7.3130436,6.573913,21.313044,76.63721,50.57888,120.90459,35.2,276.72174,21.381160100000002,26.125772909457275,-2.4492935982947064e-16,1.0
1984-12-21,2.5217392,7.3130436,6.573913,57.823433,76.63721,50.57888,16.408697,206.92175,19.536232466666664,27.156411460108636,-2.4492935982947064e-16,1.0
1985-01-01,18.07826,2.5217392,7.3130436,180.48692,57.823433,76.63721,27.913044,195.32176,10.321739133333333,7.516353869571768,0.49999999999999994,0.8660254037844387
1985-01-11,2.1391304,18.07826,2.5217392,75.77529,180.48692,57.823433,22.73913,151.0261,9.6565217,8.114318793419379,0.49999999999999994,0.8660254037844387
1985-01-21,7.878261,2.1391304,18.07826,159.00795,75.77529,180.48692,28.095652,145.31303,7.4173912,5.769164827196043,0.49999999999999994,0.8660254037844387
1985-02-01,4.826087,7.878261,2.1391304,82.43562,159.00795,75.77529,14.843478,76.77391,7.126086866666667,5.863626296279964,0.8660254037844386,0.5000000000000001
1985-02-11,3.6347826,4.826087,7.878261,68.141266,82.43562,159.00795,16.33913,74.27826,6.513043366666667,6.0300893090746515,0.8660254037844386,0.5000000000000001
1985-02-21,6.321739,3.6347826,4.826087,59.440296,68.141266,82.43562,14.782609,59.286957,7.146376666666668,5.718554141976866,0.8660254037844386,0.5000000000000001
1985-03-01,8.721739,6.321739,3.6347826,81.56162,59.440296,68.141266,18.67826,61.434784,5.586956499999999,2.5256386560249537,1.0,6.123233995736766e-17
1985-03-11,31.73913,8.721739,6.321739,138.46858,81.56162,59.440296,46.782608,85.86086,10.520289766666666,10.563297442960694,1.0,6.123233995736766e-17
1985-03-21,33.434784,31.73913,8.721739,111.39487,138.46858,81.56162,73.89565,116.77391,14.779710266666667,13.907940295622149,1.0,6.123233995736766e-17
1985-04-01,34.426086,33.434784,31.73913,109.47283,111.39487,138.46858,99.6,133.12173,19.713043433333333,14.88645574240916,0.8660254037844387,-0.4999999999999998
1985-04-11,36.113045,34.426086,33.434784,108.00686,109.47283,111.39487,103.973915,167.09564,25.126087166666668,13.73081314461476,0.8660254037844387,-0.4999999999999998
1985-04-21,26.382608,36.113045,34.426086,76.782875,108.00686,109.47283,96.92174,185.6,28.469565333333332,10.233068016847623,0.8660254037844387,-0.4999999999999998
1985-05-01,11.304348,26.382608,36.113045,41.853924,76.782875,108.00686,73.8,192.07826,28.90000016666667,9.242670626196112,0.49999999999999994,-0.8660254037844387
1985-05-11,71.08696,11.304348,26.382608,157.35619,41.853924,76.782875,108.77392,259.53046,35.45797183333333,19.701633277501053,0.49999999999999994,-0.8660254037844387
1985-05-21,51.443478,71.08696,11.304348,104.412865,157.35619,41.853924,133.8348,304.6522,38.45942083333333,20.679278086063203,0.49999999999999994,-0.8660254037844387
1985-06-01,67.434784,51.443478,71.08696,118.65872,104.412865,157.35619,189.96523,363.36523,43.9608705,23.57910473685086,1.2246467991473532e-16,-1.0
1985-06-11,35.652172,67.434784,51.443478,57.374634,118.65872,104.412865,154.53044,367.27826,43.884058333333336,23.61051293804807,1.2246467991473532e-16,-1.0
1985-06-21,45.191303,35.652172,67.434784,81.32402,57.374634,118.65872,148.27826,379.0348,47.018840833333336,22.01694149014906,1.2246467991473532e-16,-1.0
1985-07-01,11.686956,45.191303,35.652172,32.004135,81.32402,57.374634,92.53043,356.29565,47.08260883333333,21.893018303970802,-0.4999999999999997,-0.8660254037844388
1985-07-11,46.782608,11.686956,45.191303,116.06979,32.004135,81.32402,103.660866,366.9652,43.0318835,18.557759150827994,-0.4999999999999997,-0.8660254037844388
1985-07-21,46.36522,46.782608,11.686956,199.44852,116.06979,32.004135,104.834785,386.94788,42.18550716666667,18.20994352712134,-0.4999999999999997,-0.8660254037844388
1985-08-01,24.886957,46.36522,46.782608,122.25516,199.44852,116.06979,118.03478,400.53046,35.09420266666667,14.268878557874121,-0.8660254037844384,-0.5000000000000004
1985-08-11,24.382608,24.886957,46.36522,202.35147,122.25516,199.44852,95.63478,353.82608,33.215942000000005,14.90814695548134,-0.8660254037844384,-0.5000000000000004
1985-08-21,35.443478,24.382608,24.886957,241.46405,202.35147,122.25516,84.71304,337.82608,31.591304500000003,13.834595706009448,-0.8660254037844384,-0.5000000000000004
1985-09-01,9.878261,35.443478,24.382608,61.428177,241.46405,202.35147,69.704346,280.2696,31.289855333333332,14.364596276725713,-1.0,-1.8369701987210297e-16
1985-09-11,21.947826,9.878261,35.443478,114.28396,61.428177,241.46405,67.26956,266.56525,27.150725000000005,12.45922837372398,-1.0,-1.8369701987210297e-16
1985-09-21,17.973913,21.947826,9.878261,68.6109,114.28396,61.428177,49.800003,239.34784,22.418840499999998,8.447893621410257,-1.0,-1.8369701987210297e-16
1985-10-01,36.669567,17.973913,21.947826,121.55238,68.6109,114.28396,76.59131,264.33044,24.382608833333336,10.302308707387233,-0.8660254037844386,0.5000000000000001
1985-10-11,27.034782,36.669567,17.973913,85.9944,121.55238,68.6109,81.67826,244.58261,24.82463783333333,10.359049263291242,-0.8660254037844386,0.5000000000000001
1985-10-21,28.591305,27.034782,36.669567,79.233444,85.9944,121.55238,92.295654,226.80869,23.682609,9.275258962624356,-0.8660254037844386,0.5000000000000001
1985-11-01,60.808697,28.591305,27.034782,155.74261,79.233444,85.9944,116.434784,262.73044,32.171015000000004,15.398833151069217,-0.5000000000000004,0.8660254037844384
1985-11-11,43.452175,60.808697,28.591305,193.27538,155.74261,79.233444,132.85217,281.8,35.75507316666667,15.041931073076492,-0.5000000000000004,0.8660254037844384
1985-11-21,31.165216,43.452175,60.808697,166.17387,193.27538,155.74261,135.42609,277.52176,37.953623666666665,12.705855643500497,-0.5000000000000004,0.8660254037844384
1985-12-01,9.217391,31.165216,43.452175,62.131077,166.17387,193.27538,83.834785,276.86087,33.378261,17.353457542102632,-2.4492935982947064e-16,1.0
1985-12-11,4.521739,9.217391,31.165216,59.26394,62.131077,166.17387,44.904346,259.43478,29.626087166666668,21.04138174449353,-2.4492935982947064e-16,1.0
1985-12-21,4.0347824,4.521739,9.217391,69.45497,59.26394,62.131077,17.773912,245.49567,25.5333334,23.524621288123246,-2.4492935982947064e-16,1.0
1986-01-01,2.2,4.0347824,4.521739,56.30865,69.45497,59.26394,10.756521,211.02611,15.765217233333333,17.28950920945119,0.49999999999999994,0.8660254037844387
1986-01-11,2.2347827,2.2,4.0347824,76.79055,56.30865,69.45497,8.469564,186.2261,8.89565185,11.20709686288802,0.49999999999999994,0.8660254037844387
1986-01-21,2.1565218,2.2347827,2.2,88.3616,76.79055,56.30865,6.591305,159.79132,4.060869483333334,2.72861736681544,0.49999999999999994,0.8660254037844387
1986-02-01,2.7652173,2.1565218,2.2347827,65.14603,88.3616,76.79055,7.156522,101.747826,2.9855072000000002,1.0370477190822853,0.8660254037844386,0.5000000000000001
1986-02-11,4.9652176,2.7652173,2.1565218,78.64038,65.14603,88.3616,9.886957,63.260868,3.0594202999999998,1.175057964927358,0.8660254037844386,0.5000000000000001
1986-02-21,32.965218,4.9652176,2.7652173,199.3213,78.64038,65.14603,40.695652,65.06087,7.881159566666667,12.335430220447233,0.8660254037844386,0.5000000000000001
1986-03-01,13.747826,32.965218,4.9652176,111.43653,199.3213,78.64038,51.67826,69.59131,9.805797233333335,12.171532473341012,1.0,6.123233995736766e-17
1986-03-11,28.730434,13.747826,32.965218,127.12892,111.43653,199.3213,75.44348,93.8,14.221739116666667,13.598157030512894,1.0,6.123233995736766e-17
1986-03-21,9.295652,28.730434,13.747826,41.432842,127.12892,111.43653,51.77391,99.06087,15.41159415,12.607550979575223,1.0,6.123233995736766e-17
1986-04-01,35.556522,9.295652,28.730434,112.61168,41.432842,127.12892,73.58261,132.41739,20.8768116,13.125756119231562,0.8660254037844387,-0.4999999999999998
1986-04-11,20.365217,35.556522,9.295652,66.63621,112.61168,41.432842,65.21739,150.54782,23.443478166666665,10.667554643262632,0.8660254037844387,-0.4999999999999998
1986-04-21,5.947826,20.365217,35.556522,26.785717,66.63621,112.61168,61.869564,154.33914,18.940579500000002,11.51313464877972,0.8660254037844387,-0.4999999999999998
1986-05-01,48.32174,5.947826,20.365217,136.87906,26.785717,66.63621,74.63478,199.89566,24.702898500000003,16.123419792792678,0.49999999999999994,-0.8660254037844387
1986-05-11,42.260868,48.32174,5.947826,97.74066,136.87906,26.785717,96.53043,237.19131,26.957970833333334,17.67129011963117,0.49999999999999994,-0.8660254037844387
1986-05-21,38.008698,42.260868,48.32174,79.56032,97.74066,136.87906,128.59131,242.23477,31.743478500000005,15.710678120541473,0.49999999999999994,-0.8660254037844387
1986-06-01,54.72174,38.008698,42.260868,97.83291,79.56032,97.74066,134.9913,283.20868,34.937681500000004,18.36502457953454,1.2246467991473532e-16,-1.0
1986-06-11,49.669567,54.72174,38.008698,77.15815,97.83291,79.56032,142.40001,304.14783,39.82173983333333,17.594989133247413,1.2246467991473532e-16,-1.0
1986-06-21,37.13913,49.669567,54.72174,68.27724,77.15815,97.83291,141.53044,331.9913,45.020290499999994,7.007467387321557,1.2246467991473532e-16,-1.0
1986-07-01,6.9391303,37.13913,49.669567,22.898218,68.27724,77.15815,93.74783,303.3739,38.123188883333334,16.729483704138232,-0.4999999999999997,-0.8660254037844388
1986-07-11,36.72174,6.9391303,37.13913,93.51854,22.898218,68.27724,80.8,319.73044,37.20000088333333,16.607878486038885,-0.4999999999999997,-0.8660254037844388
1986-07-21,10.121739,36.72174,6.9391303,58.716934,93.51854,22.898218,53.782608,323.90436,32.55217438333333,19.91016156431901,-0.4999999999999997,-0.8660254037844388
1986-08-01,9.913043,10.121739,36.72174,61.003082,58.716934,93.51854,56.756523,285.49567,25.084058216666666,18.267330091031916,-0.8660254037844384,-0.5000000000000004
1986-08-11,9.678261,9.913043,10.121739,101.085915,61.003082,58.716934,29.713043,252.91306,18.418840550000002,14.386224867942397,-0.8660254037844384,-0.5000000000000004
1986-08-21,3.426087,9.678261,9.913043,50.30717,101.085915,61.003082,23.017391,218.33044,12.80000005,11.99768761293305,-0.8660254037844384,-0.5000000000000004
1986-09-01,10.173913,3.426087,9.678261,62.648846,50.30717,101.085915,23.27826,173.78262,13.339130500000001,11.751809302423563,-1.0,-1.8369701987210297e-16
1986-09-11,13.130435,10.173913,3.426087,76.889984,62.648846,50.30717,26.730434,137.24348,9.407246333333333,3.195745846727192,-1.0,-1.8369701987210297e-16
1986-09-21,13.426087,13.130435,10.173913,55.02895,76.889984,62.648846,36.730434,113.53043,9.957971,3.6023534575844502,-1.0,-1.8369701987210297e-16
1986-10-01,38.86087,13.426087,13.130435,127.94454,55.02895,76.889984,65.41739,145.45218,14.782608833333333,12.333673604477157,-0.8660254037844386,0.5000000000000001
1986-10-11,23.069565,38.86087,13.426087,75.350136,127.94454,55.02895,75.35652,131.8,17.014492833333335,12.436470250651885,-0.8660254037844386,0.5000000000000001
1986-10-21,59.32174,23.069565,38.86087,151.71881,75.350136,127.94454,121.252174,181.0,26.330434999999998,19.276237602243533,-0.8660254037844386,0.5000000000000001
1986-11-01,22.07826,59.32174,23.069565,64.083305,151.71881,75.350136,104.46957,193.1652,28.314492833333333,17.839818141835476,-0.5000000000000004,0.8660254037844384
1986-11-11,16.104347,22.07826,59.32174,84.18509,64.083305,151.71881,97.50435,199.59131,28.81014483333333,17.36867053187113,-0.5000000000000004,0.8660254037844384
1986-11-21,3.9391305,16.104347,22.07826,41.074,84.18509,64.083305,42.12174,200.10435,27.228985416666664,19.36621443735191,-0.5000000000000004,0.8660254037844384
1986-12-01,25.130434,3.9391305,16.104347,131.67227,41.074,84.18509,45.173912,215.06087,24.940579416666665,18.509098709180183,-2.4492935982947064e-16,1.0
1986-12-11,2.8869565,25.130434,3.9391305,49.088943,131.67227,41.074,31.956522,204.8174,21.576811333333335,20.629617784260162,-2.4492935982947064e-16,1.0
1986-12-21,6.2608695,2.8869565,25.130434,86.56803,49.088943,131.67227,34.27826,197.65218,12.733332916666667,9.680510531757239,-2.4492935982947064e-16,1.0
1987-01-01,3.4956522,6.2608695,2.8869565,66.4415,86.56803,49.088943,12.643478,162.28696,9.636231616666667,9.044515297491646,0.49999999999999994,0.8660254037844387
1987-01-11,9.53913,3.4956522,6.2608695,154.31946,66.4415,86.56803,19.29565,148.75652,8.542028783333334,8.485346403085728,0.49999999999999994,0.8660254037844387
1987-01-21,8.017391,9.53913,3.4956522,160.72578,154.31946,66.4415,21.052174,97.45218,9.221738866666668,8.201488344373569,0.49999999999999994,0.8660254037844387
1987-02-01,6.869565,8.017391,9.53913,99.57931,160.72578,154.31946,24.426086,82.24347,6.1782607,2.5764953041798013,0.8660254037844386,0.5000000000000001
1987-02-11,3.4695652,6.869565,8.017391,66.83746,99.57931,160.72578,18.356522,69.608696,6.27536215,2.434724464391519,0.8660254037844386,0.5000000000000001
1987-02-21,21.32174,3.4695652,6.869565,138.19185,66.83746,99.57931,31.66087,86.9913,8.785507233333332,6.60647746411512,0.8660254037844386,0.5000000000000001
1987-03-01,13.608696,21.32174,3.4695652,110.60956,138.19185,66.83746,38.4,75.46957,10.471014533333333,6.268376135402258,1.0,6.123233995736766e-17
1987-03-11,29.47826,13.608696,21.32174,129.94745,110.60956,138.19185,64.40869,102.06087,13.794202866666666,9.90563661889776,1.0,6.123233995736766e-17
1987-03-21,26.730434,29.47826,13.608696,91.963776,129.94745,110.60956,69.81739,122.53044,16.913043366666667,10.641613677762992,1.0,6.123233995736766e-17
1987-04-01,38.469566,26.730434,29.47826,120.7002,91.963776,129.94745,94.67826,157.50436,22.1797102,12.35803577817667,0.8660254037844387,-0.4999999999999998
1987-04-11,16.18261,38.469566,26.730434,55.64821,120.7002,91.963776,81.38261,164.14783,24.298551,9.19308444807096,0.8660254037844387,-0.4999999999999998
1987-04-21,9.573913,16.18261,38.469566,35.65755,55.64821,120.7002,64.22609,165.70435,22.340579833333333,11.022845932980788,0.8660254037844387,-0.4999999999999998
1987-05-01,35.556522,9.573913,16.18261,104.110245,35.65755,55.64821,61.313046,194.39133,25.998550833333336,11.186120715994083,0.49999999999999994,-0.8660254037844387
1987-05-11,30.73913,35.556522,9.573913,73.912445,104.110245,35.65755,75.86957,221.66089,26.208695833333334,11.276047470533811,0.49999999999999994,-0.8660254037844387
1987-05-21,37.8,30.73913,35.556522,79.17426,73.912445,104.110245,104.09566,238.13913,28.053623499999997,12.242628849939827,0.49999999999999994,-0.8660254037844387
1987-06-01,51.513042,37.8,30.73913,92.57659,79.17426,73.912445,120.05217,276.0435,30.227536166666667,15.25061891391932,1.2246467991473532e-16,-1.0
1987-06-11,8.66087,51.513042,37.8,19.280333,92.57659,79.17426,97.97391,255.2261,28.97391283333333,16.860240781400652,1.2246467991473532e-16,-1.0
1987-06-21,19.930435,8.66087,51.513042,40.394314,19.280333,92.57659,80.10435,248.4261,30.699999833333337,14.892191483010636,1.2246467991473532e-16,-1.0
1987-07-01,29.67826,19.930435,8.66087,66.509895,40.394314,19.280333,58.269566,239.6348,29.720289500000003,14.700925049407791,-0.4999999999999997,-0.8660254037844388
1987-07-11,6.8869567,29.67826,19.930435,26.644403,66.509895,40.394314,56.49565,230.33914,25.744927283333336,17.35562161842921,-0.4999999999999997,-0.8660254037844388
1987-07-21,14.843478,6.8869567,29.67826,77.05121,26.644403,66.509895,51.408695,235.6087,21.918840283333335,16.683951430605344,-0.4999999999999997,-0.8660254037844388
1987-08-01,36.373913,14.843478,6.8869567,169.24355,77.05121,26.644403,58.104347,236.4261,19.395652116666668,11.719254733513685,-0.8660254037844384,-0.5000000000000004
1987-08-11,47.83478,36.373913,14.843478,363.86136,169.24355,77.05121,99.05217,253.52174,25.92463711666667,14.99658117329311,-0.8660254037844384,-0.5000000000000004
1987-08-21,36.904346,47.83478,36.373913,250.18604,363.86136,169.24355,121.11304,252.62608,28.75362228333334,15.238712807477048,-0.8660254037844384,-0.5000000000000004
1987-09-01,42.765217,36.904346,47.83478,197.20923,250.18604,363.86136,127.50435,243.87825,30.93478178333333,16.29734291934868,-1.0,-1.8369701987210297e-16
1987-09-11,75.96522,42.765217,36.904346,343.36816,197.20923,250.18604,155.63478,311.1826,42.44782566666667,19.910591800061137,-1.0,-1.8369701987210297e-16
1987-09-21,68.156525,75.96522,42.765217,218.47975,343.36816,197.20923,186.88696,359.4087,51.3333335,16.777258677838116,-1.0,-1.8369701987210297e-16
1987-10-01,115.38261,68.156525,75.96522,351.1626,218.47975,343.36816,259.50433,445.11304,64.50144966666666,29.139361358547784,-0.8660254037844386,0.5000000000000001
1987-10-11,57.930435,115.38261,68.156525,168.9309,351.1626,218.47975,241.46956,496.1565,66.18405883333334,28.262785482840847,-0.8660254037844386,0.5000000000000001
1987-10-21,43.0,57.930435,115.38261,113.219925,168.9309,351.1626,216.31305,524.31305,67.20000116666667,27.08479788989551,-0.8660254037844386,0.5000000000000001
1987-11-01,38.304348,43.0,57.930435,102.483894,113.219925,168.9309,139.23479,526.24347,66.45652299999999,27.937483493089676,-0.5000000000000004,0.8660254037844384
1987-11-11,17.756521,38.304348,43.0,90.7756,102.483894,113.219925,99.060875,496.16525,56.75507316666667,33.52336803659019,-0.5000000000000004,0.8660254037844384
1987-11-21,4.1652174,17.756521,38.304348,42.112835,90.7756,102.483894,60.226086,463.42612,46.08985523333334,38.91606251110561,-0.5000000000000004,0.8660254037844384
1987-12-01,6.2608695,4.1652174,17.756521,49.210854,42.112835,90.7756,28.182608,426.92172,27.902898483333335,21.78333984161215,-2.4492935982947064e-16,1.0
1987-12-11,22.086956,6.2608695,4.1652174,168.59102,49.210854,42.112835,32.513042,373.04346,21.928985316666665,16.06621224712463,-2.4492935982947064e-16,1.0
1987-12-21,3.0434783,22.086956,6.2608695,61.834305,168.59102,49.210854,31.391304,307.93045,15.269565033333334,13.690897153066155,-2.4492935982947064e-16,1.0
1988-01-01,3.7826087,3.0434783,22.086956,68.685684,61.834305,168.59102,28.913042,196.33043,9.515941816666666,8.24532816867164,0.49999999999999994,0.8660254037844387
1988-01-11,2.6086957,3.7826087,3.0434783,80.75929,68.685684,61.834305,9.434783,141.00868,6.991304266666667,7.503163574541741,0.49999999999999994,0.8660254037844387
1988-01-21,1.9217391,2.6086957,3.7826087,85.462746,80.75929,68.685684,8.313044,99.930435,6.617391216666667,7.7247935418239155,0.49999999999999994,0.8660254037844387
1988-02-01,7.321739,1.9217391,2.6086957,103.37281,85.462746,80.75929,11.852174,68.94782,6.794202800000001,7.727141779059693,0.8660254037844386,0.5000000000000001
1988-02-11,27.765217,7.321739,1.9217391,258.56625,103.37281,85.462746,37.008698,78.95652,7.740579633333333,9.990845428139906,0.8660254037844386,0.5000000000000001
1988-02-21,4.843478,27.765217,7.321739,51.679276,258.56625,103.37281,39.930435,79.63478,8.040579583333335,9.847592588680557,0.8660254037844386,0.5000000000000001
1988-03-01,16.347826,4.843478,27.765217,126.89086,51.679276,258.56625,48.95652,89.72173,10.134782466666666,10.093971583551426,1.0,6.123233995736766e-17
1988-03-11,52.095654,16.347826,4.843478,215.19168,126.89086,51.679276,73.28696,119.73044,18.38260885,19.001864272579002,1.0,6.123233995736766e-17
1988-03-21,14.069565,52.095654,16.347826,55.26899,215.19168,126.89086,82.51305,130.75653,20.407246500000003,17.483714695740975,1.0,6.123233995736766e-17
1988-04-01,24.243479,14.069565,52.095654,81.199196,55.26899,215.19168,90.4087,151.21739,23.2275365,16.273680327247707,0.8660254037844387,-0.4999999999999998
1988-04-11,50.965218,24.243479,14.069565,147.02457,81.199196,55.26899,89.27826,199.57391,27.094203333333336,19.91604937352088,0.8660254037844387,-0.4999999999999998
1988-04-21,37.573914,50.965218,24.243479,104.1643,147.02457,81.199196,112.78261,235.2261,32.549276,16.84890360972209,0.8660254037844387,-0.4999999999999998
1988-05-01,49.965218,37.573914,50.965218,141.09795,104.1643,147.02457,138.50435,277.86957,38.15217466666667,15.949300781412232,0.49999999999999994,-0.8660254037844387
1988-05-11,42.852173,49.965218,37.573914,98.96355,141.09795,104.1643,130.3913,292.9565,36.611594499999995,14.733160027600775,0.49999999999999994,-0.8660254037844387
1988-05-21,66.67826,42.852173,49.965218,132.59517,98.96355,141.09795,159.49565,354.7913,45.37971033333333,14.28224191577767,0.49999999999999994,-0.8660254037844387
1988-06-01,45.443478,66.67826,42.852173,82.63376,132.59517,98.96355,154.9739,383.88696,48.91304349999999,9.982678021884848,1.2246467991473532e-16,-1.0
1988-06-11,110.57391,45.443478,66.67826,163.11578,82.63376,132.59517,222.69565,442.3652,58.8478255,27.21735100802554,1.2246467991473532e-16,-1.0
1988-06-21,50.713043,110.57391,45.443478,90.2708,163.11578,82.63376,206.73044,479.0087,61.037680333333334,25.646612135470747,1.2246467991473532e-16,-1.0
1988-07-01,66.2,50.713043,110.57391,136.55542,90.2708,163.11578,227.48695,520.9652,63.74347733333334,25.09528110192389,-0.4999999999999997,-0.8660254037844388
1988-07-11,74.44348,66.2,50.713043,178.07115,136.55542,90.2708,191.35652,544.4435,69.00869516666667,23.067613726811476,-0.4999999999999997,-0.8660254037844388
1988-07-21,12.530435,74.44348,66.2,68.06977,178.07115,136.55542,153.17392,519.4,59.984057666666665,32.73002434033961,-0.4999999999999997,-0.8660254037844388
1988-08-01,4.7652173,12.530435,74.44348,39.945457,68.06977,178.07115,91.739136,474.2,53.20434755,39.79491808107326,-0.8660254037844384,-0.5000000000000004
1988-08-11,7.1130433,4.7652173,12.530435,83.41982,39.945457,68.06977,24.408695,438.46088,35.96086976666667,31.519181463903575,-0.8660254037844384,-0.5000000000000004
1988-08-21,5.478261,7.1130433,4.7652173,62.55949,83.41982,39.945457,17.356522,377.26086,28.421739433333332,32.67361597922666,-0.8660254037844384,-0.5000000000000004
1988-09-01,11.008696,5.478261,7.1130433,66.09543,62.55949,83.41982,23.6,342.82608,19.223188766666667,27.225587265492244,-1.0,-1.8369701987210297e-16
1988-09-11,18.547827,11.008696,5.478261,99.864784,66.09543,62.55949,35.034782,250.79999,9.9072466,5.227195972226887,-1.0,-1.8369701987210297e-16
1988-09-21,49.573914,18.547827,11.008696,162.98335,99.864784,66.09543,79.13043,249.66086,16.08115976666667,17.1725248648148,-1.0,-1.8369701987210297e-16
1988-10-01,34.27826,49.573914,18.547827,114.57681,162.98335,99.864784,102.4,217.73914,21.000000216666667,17.506524531848953,-0.8660254037844386,0.5000000000000001
1988-10-11,37.095654,34.27826,49.573914,113.00187,114.57681,162.98335,120.94783,180.39131,25.997102,17.02226980652559,-0.8660254037844386,0.5000000000000001
1988-10-21,57.50435,37.095654,34.27826,147.43204,113.00187,114.57681,128.87827,225.36522,34.668116833333336,17.716394655469077,-0.8660254037844386,0.5000000000000001
1988-11-01,39.904346,57.50435,37.095654,106.27045,147.43204,113.00187,134.50435,260.50436,39.4840585,13.400323390413625,-0.5000000000000004,0.8660254037844384
1988-11-11,18.408695,39.904346,57.50435,93.37711,106.27045,147.43204,115.81738,271.8,39.460869833333334,13.443848152878713,-0.5000000000000004,0.8660254037844384
1988-11-21,13.782609,18.408695,39.904346,86.303345,93.37711,106.27045,72.09565,280.10437,33.49565233333333,15.794187310287379,-0.5000000000000004,0.8660254037844384
1988-12-01,23.58261,13.782609,18.408695,124.90817,86.303345,93.37711,55.77391,292.67825,31.713043999999996,16.28417356014318,-2.4492935982947064e-16,1.0
1988-12-11,20.486956,23.58261,13.782609,158.63252,124.90817,86.303345,57.852173,294.6174,28.94492766666667,16.594874484893065,-2.4492935982947064e-16,1.0
1988-12-21,16.713043,20.486956,23.58261,166.9192,158.63252,124.90817,60.782608,261.75653,22.146376500000002,9.312420808114314,-2.4492935982947064e-16,1.0
1989-01-01,4.9130435,16.713043,20.486956,77.52641,166.9192,158.63252,42.11304,232.3913,16.31449275,6.498968897015536,0.49999999999999994,0.8660254037844387
1989-01-11,1.6521739,4.9130435,16.713043,70.60669,77.52641,166.9192,23.278261,196.94781,13.521739233333335,8.660069992649166,0.49999999999999994,0.8660254037844387
1989-01-21,1.3391304,1.6521739,4.9130435,78.269264,70.60669,77.52641,7.904348,140.78261,11.447826133333331,9.97522203322466,0.49999999999999994,0.8660254037844387
1989-02-01,1.9130435,1.3391304,1.6521739,57.996742,78.269264,70.60669,4.904348,102.79129,7.836231716666666,8.519655956103717,0.8660254037844386,0.5000000000000001
1989-02-11,2.3913043,1.9130435,1.3391304,58.328373,57.996742,78.269264,5.6434784,86.7739,4.820289766666666,5.965796889889858,0.8660254037844386,0.5000000000000001
1989-02-21,3.0608695,2.3913043,1.9130435,42.320396,58.328373,57.996742,7.365217,76.05216,2.5449275166666667,1.30751693301036,0.8660254037844386,0.5000000000000001
1989-03-01,6.1130433,3.0608695,2.3913043,66.05561,42.320396,58.328373,11.565217,58.582607,2.7449274833333335,1.756785682051043,1.0,6.123233995736766e-17
1989-03-11,26.32174,6.1130433,3.0608695,118.05062,66.05561,42.320396,35.49565,64.41739,6.856521833333333,9.681654911447199,1.0,6.123233995736766e-17
1989-03-21,39.31304,26.32174,6.1130433,128.43173,118.05062,66.05561,71.747826,87.01739,13.185506766666668,15.819733693574808,1.0,6.123233995736766e-17
1989-04-01,30.826086,39.31304,26.32174,99.47687,128.43173,118.05062,96.46087,112.930435,18.004347183333334,16.10039838326674,0.8660254037844387,-0.4999999999999998
1989-04-11,23.904348,30.826086,39.31304,75.933754,99.47687,128.43173,94.04348,135.1826,21.589854466666665,14.212824259705279,0.8660254037844387,-0.4999999999999998
1989-04-21,33.391304,23.904348,30.826086,93.93084,75.933754,99.47687,88.121735,167.23477,26.64492688333333,11.424974849449113,0.8660254037844387,-0.4999999999999998
1989-05-01,56.38261,33.391304,23.904348,157.57166,93.93084,75.933754,113.67827,221.70436,35.023188000000005,11.783465103153327,0.49999999999999994,-0.8660254037844387
1989-05-11,72.26087,56.38261,33.391304,159.78397,157.57166,93.93084,162.03479,291.5739,42.67970966666667,18.184862212454426,0.49999999999999994,-0.8660254037844387
1989-05-21,56.513042,72.26087,56.38261,113.79088,159.78397,157.57166,185.15652,345.0261,45.54637666666667,18.890029164066544,0.49999999999999994,-0.8660254037844387
1989-06-01,18.15652,56.513042,72.26087,37.93375,113.79088,159.78397,146.93044,357.06958,43.43478233333334,21.405281199902145,1.2246467991473532e-16,-1.0
1989-06-11,82.347824,18.15652,56.513042,123.27876,37.93375,113.79088,157.0174,413.09564,53.17536166666667,23.8932791732058,1.2246467991473532e-16,-1.0
1989-06-21,54.773914,82.347824,18.15652,96.85055,123.27876,37.93375,155.27826,428.55652,56.739129999999996,21.8604103879417,1.2246467991473532e-16,-1.0
1989-07-01,130.37392,54.773914,82.347824,259.63544,96.85055,123.27876,267.49567,528.1044,69.071015,37.145364657142615,-0.4999999999999997,-0.8660254037844388
1989-07-11,71.86957,130.37392,54.773914,172.30179,259.63544,96.85055,257.0174,576.0696,69.00579833333333,37.13898704446806,-0.4999999999999997,-0.8660254037844388
1989-07-21,20.304348,71.86957,130.37392,98.255486,172.30179,259.63544,222.54784,562.9826,62.971016,42.17528307041377,-0.4999999999999997,-0.8660254037844388
1989-08-01,7.843478,20.304348,71.86957,52.537346,98.255486,172.30179,100.017395,514.4435,61.252175666666666,44.512363298315485,-0.8660254037844384,-0.5000000000000004
1989-08-11,11.086957,7.843478,20.304348,110.787285,52.537346,98.255486,39.234783,453.26956,49.375364499999996,47.18458086355114,-0.8660254037844384,-0.5000000000000004
1989-08-21,14.913043,11.086957,7.843478,118.888985,110.787285,52.537346,33.84348,411.66956,42.731886,49.042054980048746,-0.8660254037844384,-0.5000000000000004
1989-09-01,31.669565,14.913043,11.086957,151.39838,118.888985,110.787285,57.669563,425.18262,26.281160166666666,23.84578085498355,-1.0,-1.8369701987210297e-16
1989-09-11,16.373913,31.669565,14.913043,90.64536,151.39838,118.888985,62.95652,359.20868,17.031884,8.362560619395856,-1.0,-1.8369701987210297e-16
1989-09-21,45.12174,16.373913,31.669565,149.68706,90.64536,151.39838,93.16522,349.55652,21.168116,14.320213679186836,-1.0,-1.8369701987210297e-16
1989-10-01,19.93913,45.12174,16.373913,72.748795,149.68706,90.64536,81.434784,239.12175,23.184058000000004,12.844632302723323,-0.8660254037844386,0.5000000000000001
1989-10-11,44.826088,19.93913,45.12174,133.75351,72.748795,149.68706,109.886955,212.07825,28.8072465,13.836466394555538,-0.8660254037844386,0.5000000000000001
1989-10-21,66.791306,44.826088,19.93913,169.33765,133.75351,72.748795,131.55652,258.56525,37.453623666666665,18.753239016174913,-0.8660254037844386,0.5000000000000001
1989-11-01,33.04348,66.791306,44.826088,90.03355,169.33765,133.75351,144.66087,283.7652,37.682609500000005,18.67671969816391,-0.5000000000000004,0.8660254037844384
1989-11-11,7.2347827,33.04348,66.791306,48.804462,90.03355,169.33765,107.069565,279.91302,36.159421116666664,20.991371020616427,-0.5000000000000004,0.8660254037844384
1989-11-21,14.130435,7.2347827,33.04348,87.90156,48.804462,90.03355,54.4087,279.13043,30.994203616666667,22.12719831001556,-0.5000000000000004,0.8660254037844384
1989-12-01,24.634783,14.130435,7.2347827,129.50624,87.90156,48.804462,46.0,272.09567,31.776812449999998,21.73760448461364,-2.4492935982947064e-16,1.0
1989-12-11,7.678261,24.634783,14.130435,78.91035,129.50624,87.90156,46.443478,263.4,25.585507949999997,22.552517929426962,-2.4492935982947064e-16,1.0
1989-12-21,4.678261,7.678261,24.634783,74.40171,78.91035,129.50624,36.991302,222.95651,15.233333783333334,11.307258261970668,-2.4492935982947064e-16,1.0
1990-01-01,12.347826,4.678261,7.678261,135.6712,74.40171,78.91035,24.704348,215.36522,11.784058116666666,7.197364492301308,0.49999999999999994,0.8660254037844387
1990-01-11,3.3391304,12.347826,4.678261,88.51218,135.6712,74.40171,20.365217,173.87823,11.134782733333333,7.837114575630749,0.49999999999999994,0.8660254037844387
1990-01-21,2.4608696,3.3391304,12.347826,92.11939,88.51218,135.6712,18.147825,109.54783,9.189855166666666,8.37458299215152,0.49999999999999994,0.8660254037844387
1990-02-01,5.2608695,2.4608696,3.3391304,86.08321,92.11939,88.51218,11.060869,81.76521,5.960869583333333,3.605585851700609,0.8660254037844386,0.5000000000000001
1990-02-11,2.895652,5.2608695,2.4608696,62.308426,86.08321,92.11939,10.617391,77.426094,5.163768083333333,3.6779110216871764,0.8660254037844386,0.5000000000000001
1990-02-21,15.234782,2.895652,5.2608695,106.234695,62.308426,86.08321,23.391304,78.530426,6.92318825,5.481813489379708,0.8660254037844386,0.5000000000000001
1990-03-01,9.234782,15.234782,2.895652,84.611145,106.234695,62.308426,27.365215,63.130436,6.404347583333333,4.9910518487332505,1.0,6.123233995736766e-17
1990-03-11,4.46087,9.234782,15.234782,35.65771,84.611145,106.234695,28.930435,59.913044,6.591304183333333,4.8728805628279845,1.0,6.123233995736766e-17
1990-03-21,17.313044,4.46087,9.234782,64.66951,35.65771,84.611145,31.008696,72.54783,9.066666583333335,5.997591611289162,1.0,6.123233995736766e-17
1990-04-01,12.33913,17.313044,4.46087,48.14487,64.66951,35.65771,34.113045,72.53912,10.246376666666666,5.791893572375683,0.8660254037844387,-0.4999999999999998
1990-04-11,35.530434,12.33913,17.313044,106.476295,48.14487,64.66951,65.18261,104.73043,15.685507000000001,10.728240537766277,0.8660254037844387,-0.4999999999999998
1990-04-21,46.29565,35.530434,12.33913,125.50352,106.476295,48.14487,94.165215,148.56522,20.862318333333334,16.44054240680709,0.8660254037844387,-0.4999999999999998
1990-05-01,51.04348,46.29565,35.530434,143.86589,125.50352,106.476295,132.86957,194.34784,27.830434666666672,19.16158772183241,0.49999999999999994,-0.8660254037844387
1990-05-11,50.269566,51.04348,46.29565,114.30353,143.86589,125.50352,147.60869,241.72174,35.465217333333335,16.991002584833282,0.49999999999999994,-0.8660254037844387
1990-05-21,38.35652,50.269566,51.04348,80.20375,114.30353,143.86589,139.66957,264.84344,38.97246333333333,14.481190776651319,0.49999999999999994,-0.8660254037844387
1990-06-01,19.547827,38.35652,50.269566,40.212914,80.20375,114.30353,108.17391,275.15652,40.17391283333334,11.898282215348262,1.2246467991473532e-16,-1.0
1990-06-11,22.382608,19.547827,38.35652,38.646572,40.212914,80.20375,80.28696,293.07825,37.9826085,13.95710100479055,1.2246467991473532e-16,-1.0
1990-06-21,83.80869,22.382608,19.547827,143.89505,38.646572,40.212914,125.73913,359.57388,44.23478183333333,23.538854690121518,1.2246467991473532e-16,-1.0
1990-07-01,42.782608,83.80869,22.382608,91.6429,143.89505,38.646572,148.9739,390.0174,42.857969833333335,23.301352626105906,-0.4999999999999997,-0.8660254037844388
1990-07-11,31.452173,42.782608,83.80869,81.7069,91.6429,143.89505,158.04347,385.93912,39.72173766666667,23.370536585524878,-0.4999999999999997,-0.8660254037844388
1990-07-21,7.026087,31.452173,42.782608,46.69668,81.7069,91.6429,81.260864,346.66956,34.499998833333336,26.960906201590696,-0.4999999999999997,-0.8660254037844388
1990-08-01,12.573913,7.026087,31.452173,71.8876,46.69668,81.7069,51.052174,308.2,33.33767983333333,27.869453531583524,-0.8660254037844384,-0.5000000000000004
1990-08-11,6.53913,12.573913,7.026087,79.467415,71.8876,46.69668,26.13913,264.46954,30.69710016666666,29.798808396261563,-0.8660254037844384,-0.5000000000000004
1990-08-21,5.147826,6.53913,12.573913,60.586662,79.467415,71.8876,24.260868,231.26086,17.586956166666667,15.751279889586083,-0.8660254037844384,-0.5000000000000004
1990-09-01,6.156522,5.147826,6.53913,46.06216,60.586662,79.467415,17.84348,217.86957,11.4826085,10.126891745438089,-1.0,-1.8369701987210297e-16
1990-09-11,26.982609,6.156522,5.147826,135.63614,46.06216,60.586662,38.286957,222.46956,10.737681166666666,8.377430285090625,-1.0,-1.8369701987210297e-16
1990-09-21,35.104347,26.982609,6.156522,119.77043,135.63614,46.06216,68.24348,173.76523,15.417391166666667,12.644896594108367,-1.0,-1.8369701987210297e-16
1990-10-01,29.13913,35.104347,26.982609,99.58569,119.77043,135.63614,91.22609,160.12173,18.178260666666663,13.666992321123056,-0.8660254037844386,0.5000000000000001
1990-10-11,26.373913,29.13913,35.104347,84.22035,99.58569,119.77043,90.617386,155.04347,21.484057833333335,12.649608536065182,-0.8660254037844386,0.5000000000000001
1990-10-21,40.913044,26.373913,29.13913,108.297325,84.22035,99.58569,96.42609,188.93044,27.444927500000002,11.810878125123933,-0.8660254037844386,0.5000000000000001
1990-11-01,15.826087,40.913044,26.373913,49.286934,108.297325,84.22035,83.113045,192.1826,29.05652166666667,8.52879876320764,-0.5000000000000004,0.8660254037844384
1990-11-11,14.860869,15.826087,40.913044,79.22487,49.286934,108.297325,71.6,200.50433,27.036231666666666,10.35787673701074,-0.5000000000000004,0.8660254037844384
1990-11-21,26.52174,14.860869,15.826087,144.8378,79.22487,49.286934,57.208694,221.87825,25.605797166666665,9.584585666432336,-0.5000000000000004,0.8660254037844384
1990-12-01,7.843478,26.52174,14.860869,56.126976,144.8378,79.22487,49.22609,223.56522,22.056521833333335,11.719665702591294,-2.4492935982947064e-16,1.0
1990-12-11,18.121738,7.843478,26.52174,143.91124,56.126976,144.8378,52.486958,214.70433,20.68115933333333,11.59522096549338,-2.4492935982947064e-16,1.0
1990-12-21,42.034782,18.121738,7.843478,361.58026,143.91124,56.126976,68.0,221.63477,20.868115666666668,11.98902893477803,-2.4492935982947064e-16,1.0
1991-01-01,28.530436,42.034782,18.121738,262.22964,361.58026,143.91124,88.68696,221.02608,22.985507166666668,12.042201569681644,0.49999999999999994,0.8660254037844387
1991-01-11,2.8,28.530436,42.034782,82.78981,262.22964,361.58026,73.36522,197.45218,20.975362333333333,14.437963526444095,0.49999999999999994,0.8660254037844387
1991-01-21,5.4521737,2.8,28.530436,129.05304,82.78981,262.22964,36.782608,161.9913,17.46376795,15.352480342935156,0.49999999999999994,0.8660254037844387
1991-02-01,25.330435,5.4521737,2.8,254.45615,129.05304,82.78981,33.582607,171.49565,20.378260783333335,14.811226311830008,0.8660254037844386,0.5000000000000001
1991-02-11,14.139131,25.330435,5.4521737,151.03618,254.45615,129.05304,44.921738,170.77391,19.71449295,15.020342494519854,0.8660254037844386,0.5000000000000001
1991-02-21,9.382608,14.139131,25.330435,75.51018,151.03618,254.45615,48.852173,153.63478,14.27246395,10.572718749563293,0.8660254037844386,0.5000000000000001
1991-03-01,12.947826,9.382608,14.139131,106.68137,75.51018,151.03618,36.469566,158.73915,11.675362283333333,7.961245946518909,1.0,6.123233995736766e-17
1991-03-11,9.434783,12.947826,9.382608,54.404236,106.68137,75.51018,31.765217,150.05217,12.781159449999999,6.867584738850437,1.0,6.123233995736766e-17
1991-03-21,34.086956,9.434783,12.947826,113.28505,54.404236,106.68137,56.469566,142.10435,17.553623166666668,9.993828852560426,1.0,6.123233995736766e-17
1991-04-01,23.634783,34.086956,9.434783,79.509056,113.28505,54.404236,67.156525,137.2087,17.271014500000003,9.750954541458686,0.8660254037844387,-0.4999999999999998
1991-04-11,74.0,23.634783,34.086956,207.53856,79.509056,113.28505,131.72174,208.40869,27.247826000000003,24.84574035004959,0.8660254037844387,-0.4999999999999998
1991-04-21,37.373913,74.0,23.634783,103.67497,207.53856,79.509056,135.0087,240.33043,31.9130435,23.40658097852234,0.8660254037844387,-0.4999999999999998
1991-05-01,34.513042,37.373913,74.0,101.43159,103.67497,207.53856,145.88696,249.51305,35.50724616666667,21.489117832260455,0.49999999999999994,-0.8660254037844387
1991-05-11,32.269566,34.513042,37.373913,77.07755,101.43159,103.67497,104.156525,267.6435,39.31304333333333,17.62223374538801,0.49999999999999994,-0.8660254037844387
1991-05-21,107.18261,32.269566,34.513042,207.5228,77.07755,101.43159,173.96521,365.44348,51.49565233333334,32.376491253098,0.49999999999999994,-0.8660254037844387
1991-06-01,95.0087,107.18261,32.269566,163.8288,207.5228,77.07755,234.46088,447.50436,63.39130516666666,33.19428826938466,1.2246467991473532e-16,-1.0
1991-06-11,24.4,95.0087,107.18261,41.493828,163.8288,207.5228,226.59131,462.46957,55.1246385,36.075073594995494,1.2246467991473532e-16,-1.0
1991-06-21,58.417393,24.4,95.0087,102.754005,41.493828,163.8288,177.8261,486.8,58.63188516666667,35.0114380617465,1.2246467991473532e-16,-1.0
1991-07-01,68.86087,58.417393,24.4,141.65875,102.754005,41.493828,151.67825,532.0261,64.35652316666668,33.03116295074576,-0.4999999999999997,-0.8660254037844388
1991-07-11,178.69565,68.86087,58.417393,411.75055,141.65875,102.754005,305.9739,636.72174,88.76087050000001,52.7744610992691,-0.4999999999999997,-0.8660254037844388
1991-07-21,47.95652,178.69565,68.86087,205.62744,411.75055,141.65875,295.51303,647.3043,78.88985550000001,54.16037598158081,-0.4999999999999997,-0.8660254037844388
1991-08-01,25.191305,47.95652,178.69565,123.50012,205.62744,411.75055,251.84346,637.9826,67.253623,57.4073817019249,-0.8660254037844384,-0.5000000000000004
1991-08-11,10.643478,25.191305,47.95652,107.733154,123.50012,205.62744,83.791306,616.3565,64.96086933333333,59.69048930238606,-0.8660254037844384,-0.5000000000000004
1991-08-21,18.608696,10.643478,25.191305,140.95354,107.733154,123.50012,54.44348,527.78265,58.3260865,62.69985230687046,-0.8660254037844384,-0.5000000000000004
1991-09-01,11.417392,18.608696,10.643478,67.78282,140.95354,107.733154,40.669567,444.1913,48.7521735,65.1088972292265,-1.0,-1.8369701987210297e-16
1991-09-11,12.6,11.417392,18.608696,74.64045,67.78282,140.95354,42.62609,432.3913,21.06956516666667,14.27973550929788,-1.0,-1.8369701987210297e-16
1991-09-21,24.58261,12.6,11.417392,88.34757,74.64045,67.78282,48.6,398.55655,17.1739135,6.601980966661458,-1.0,-1.8369701987210297e-16
1991-10-01,13.173913,24.58261,12.6,53.01429,88.34757,74.64045,50.35652,342.86957,15.171014833333338,5.3959722486854576,-0.8660254037844386,0.5000000000000001
1991-10-11,65.982605,13.173913,24.58261,190.5462,53.01429,88.34757,103.73913,230.15652,24.394202666666672,20.959477689948944,-0.8660254037844386,0.5000000000000001
1991-10-21,16.756521,65.982605,13.173913,51.31816,190.5462,53.01429,95.91304,198.95651,24.08550683333334,21.075050938602853,-0.8660254037844386,0.5000000000000001
1991-11-01,23.252174,16.756521,65.982605,66.86148,51.31816,190.5462,105.9913,197.0174,26.057970500000007,20.187414361458952,-0.5000000000000004,0.8660254037844384
1991-11-11,15.852174,23.252174,16.756521,83.17916,66.86148,51.31816,55.86087,202.22607,26.599999500000006,19.793620349019996,-0.5000000000000004,0.8660254037844384
1991-11-21,12.26087,15.852174,23.252174,79.31117,83.17916,66.86148,51.36522,195.87823,24.546376166666676,20.66481838418855,-0.5000000000000004,0.8660254037844384
1991-12-01,23.556522,12.26087,15.852174,124.79416,79.31117,83.17916,51.669567,208.01736,26.27681100000001,19.944192431768617,-2.4492935982947064e-16,1.0
1991-12-11,4.6,23.556522,12.26087,59.751045,124.79416,79.31117,40.41739,200.0174,16.046376833333337,7.13046165834109,-2.4492935982947064e-16,1.0
1991-12-21,2.7652173,4.6,23.556522,59.69517,59.751045,124.79416,30.92174,178.2,13.714492883333337,8.916010482050323,-2.4492935982947064e-16,1.0
1992-01-01,3.1217391,2.7652173,4.6,63.517254,59.69517,59.751045,10.486957,168.14781,10.359420400000003,8.380646967874684,0.49999999999999994,0.8660254037844387
1992-01-11,1.4695653,3.1217391,2.7652173,68.66847,63.517254,59.69517,7.3565216,103.634796,7.962318950000005,8.550541823999996,0.49999999999999994,0.8660254037844387
1992-01-21,1.4608696,1.4695653,3.1217391,79.77239,68.66847,63.517254,6.0521736,88.339134,6.162318883333338,8.60128046863983,0.49999999999999994,0.8660254037844387
1992-02-01,2.0173912,1.4608696,1.4695653,58.87216,79.77239,68.66847,4.947826,67.104355,2.5724637500000047,1.2008241059633507,0.8660254037844386,0.5000000000000001
1992-02-11,2.1652174,2.0173912,1.4608696,56.544216,58.87216,79.77239,5.6434784,53.41739,2.1666666500000047,0.6748053487676541,0.8660254037844386,0.5000000000000001
1992-02-21,4.078261,2.1652174,2.0173912,47.6618,56.544216,58.87216,8.26087,45.234787,2.3855072666666715,1.0281433828941768,0.8660254037844386,0.5000000000000001
1992-03-01,2.0869565,4.078261,2.1652174,42.12467,47.6618,56.544216,8.330435,23.765217,2.2130435000000044,0.9647825477206939,1.0,6.123233995736766e-17
1992-03-11,20.67826,2.0869565,4.078261,96.78054,42.12467,47.6618,26.84348,39.843475,5.414492616666672,7.530867529047298,1.0,6.123233995736766e-17
1992-03-21,34.93913,20.67826,2.0869565,115.75489,96.78054,42.12467,57.704346,72.017395,10.99420268333334,13.804665296857687,1.0,6.123233995736766e-17
1992-04-01,27.84348,34.93913,20.67826,91.195175,115.75489,96.78054,83.46087,96.73912,15.29855081666667,14.456793865587118,0.8660254037844387,-0.4999999999999998
1992-04-11,31.313044,27.84348,34.93913,95.39691,91.195175,115.75489,94.09565,126.5826,20.156521916666673,14.052577631135666,0.8660254037844387,-0.4999999999999998
1992-04-21,52.869564,31.313044,27.84348,141.5877,95.39691,91.195175,112.02609,177.9913,28.288405750000006,16.74659446313806,0.8660254037844387,-0.4999999999999998
1992-05-01,16.373913,52.869564,31.313044,54.867702,141.5877,95.39691,100.55652,192.34782,30.669565166666672,12.834810510857002,0.49999999999999994,-0.8660254037844387
1992-05-11,50.052174,16.373913,52.869564,113.85394,54.867702,141.5877,119.295654,240.23477,35.5652175,13.825459702211322,0.49999999999999994,-0.8660254037844387
1992-05-21,43.886955,50.052174,16.373913,90.43431,113.85394,54.867702,110.31304,280.04346,37.05652166666667,14.221336650564826,0.49999999999999994,-0.8660254037844387
1992-06-01,66.41739,43.886955,50.052174,116.99208,90.43431,113.85394,160.35652,344.3739,43.48550666666667,17.55233001283728,1.2246467991473532e-16,-1.0
1992-06-11,41.46087,66.41739,43.886955,65.57276,116.99208,90.43431,151.76521,365.15652,45.17681100000001,16.60836348693421,1.2246467991473532e-16,-1.0
1992-06-21,15.278261,41.46087,66.41739,32.856483,65.57276,116.99208,123.15652,345.49567,38.91159383333334,19.891786521482526,1.2246467991473532e-16,-1.0
1992-07-01,9.382608,15.278261,41.46087,27.584597,32.856483,65.57276,66.121735,327.03476,37.74637633333334,21.606866552775912,-0.4999999999999997,-0.8660254037844388
1992-07-11,9.217391,9.382608,15.278261,31.868032,27.584597,32.856483,33.87826,304.93912,30.940579166666677,23.31883577128624,-0.4999999999999997,-0.8660254037844388
1992-07-21,65.26087,9.217391,9.382608,272.81937,31.868032,27.584597,83.86087,317.33044,34.50289833333334,27.0295154127356,-0.4999999999999997,-0.8660254037844388
1992-08-01,10.591305,65.26087,9.217391,63.777565,272.81937,31.868032,85.069565,311.54782,25.19855083333334,23.180930698438285,-0.8660254037844384,-0.5000000000000004
1992-08-11,7.8173914,10.591305,65.26087,88.270515,63.777565,272.81937,83.66956,269.31305,19.591304400000002,22.520089446592497,-0.8660254037844384,-0.5000000000000004
1992-08-21,7.5130434,7.8173914,10.591305,74.70797,88.270515,63.777565,25.921738,232.93915,18.29710146666667,23.034775542342842,-0.8660254037844384,-0.5000000000000004
1992-09-01,8.626087,7.5130434,7.8173914,56.258305,74.70797,88.270515,23.956522,175.14784,18.171014633333336,23.095321435912396,-1.0,-1.8369701987210297e-16
1992-09-11,5.826087,8.626087,7.5130434,45.912724,56.258305,74.70797,21.965218,139.51305,17.605797300000003,23.39778792724655,-1.0,-1.8369701987210297e-16
1992-09-21,29.07826,5.826087,8.626087,101.773705,45.912724,56.258305,43.530434,153.31305,11.575362300000004,8.7143211791542,-1.0,-1.8369701987210297e-16
1992-10-01,43.87826,29.07826,5.826087,142.58055,101.773705,45.912724,78.78261,187.8087,17.12318813333334,15.732358820293003,-0.8660254037844386,0.5000000000000001
1992-10-11,21.773912,43.87826,29.07826,71.87208,142.58055,101.773705,94.73043,200.36522,19.449274900000002,15.100350141753337,-0.8660254037844386,0.5000000000000001
1992-10-21,61.347828,21.773912,43.87826,156.49783,71.87208,142.58055,127.0,196.45216,28.421739000000002,21.307685605503686,-0.8660254037844386,0.5000000000000001
1992-11-01,20.513044,61.347828,21.773912,60.37907,156.49783,71.87208,103.63479,206.37392,30.402898500000006,19.581710803840526,-0.5000000000000004,0.8660254037844384
1992-11-11,19.704348,20.513044,61.347828,98.54546,60.37907,156.49783,101.565216,218.26086,32.715942000000005,16.70661717956923,-0.5000000000000004,0.8660254037844384
1992-11-21,26.304348,19.704348,20.513044,143.83891,98.54546,60.37907,66.52174,237.05217,32.25362333333334,16.86504470147536,-0.5000000000000004,0.8660254037844384
1992-12-01,9.226087,26.304348,19.704348,62.169075,143.83891,98.54546,55.234783,237.65218,26.47826116666667,17.984187871170597,-2.4492935982947064e-16,1.0
1992-12-11,11.704348,9.226087,26.304348,103.96898,62.169075,143.83891,47.23478,243.53044,24.800000500000007,18.954647572088515,-2.4492935982947064e-16,1.0
1992-12-21,12.947826,11.704348,9.226087,137.97408,103.96898,62.169075,33.87826,227.40001,16.733333500000004,6.491486261030911,-2.4492935982947064e-16,1.0
1993-01-01,10.469565,12.947826,11.704348,120.982,137.97408,103.96898,35.12174,193.9913,15.059420333333335,6.615642705078733,0.49999999999999994,0.8660254037844387
1993-01-11,5.826087,10.469565,12.947826,114.908936,120.982,137.97408,29.24348,178.04347,12.746376833333334,7.076887903942423,0.49999999999999994,0.8660254037844387
1993-01-21,1.8869566,5.826087,10.469565,85.03329,114.908936,120.982,18.18261,118.58262,8.676811600000002,4.126789806681836,0.49999999999999994,0.8660254037844387
1993-02-01,2.0521739,1.8869566,5.826087,59.16397,85.03329,114.908936,9.765218,100.12175,7.481159416666668,4.902215557741685,0.8660254037844386,0.5000000000000001
1993-02-11,11.060869,2.0521739,1.8869566,126.744125,59.16397,85.03329,15.0,91.47826,7.3739129166666695,4.797261195575265,0.8660254037844386,0.5000000000000001
1993-02-21,16.313044,11.060869,2.0521739,111.89568,126.744125,59.16397,29.426086,81.48695,7.934782583333335,5.692463151561055,0.8660254037844386,0.5000000000000001
1993-03-01,1.6173913,16.313044,11.060869,39.333588,111.89568,126.744125,28.991304,73.87826,6.4594203000000014,6.040609757032818,1.0,6.123233995736766e-17
1993-03-11,20.826086,1.6173913,16.313044,97.337685,39.333588,111.89568,38.756523,83.0,8.959420133333337,8.37788527553902,1.0,6.123233995736766e-17
1993-03-21,29.104347,20.826086,1.6173913,98.84405,97.337685,39.333588,51.547825,99.15652,13.49565186666667,10.800729201794518,1.0,6.123233995736766e-17
1993-04-01,39.52174,29.104347,20.826086,123.621735,98.84405,97.337685,89.45218,128.2087,19.740579550000003,13.384230283303962,0.8660254037844387,-0.4999999999999998
1993-04-11,16.330435,39.52174,29.104347,56.03655,123.621735,98.84405,84.95652,138.71304,20.61884055,12.863527958518548,0.8660254037844387,-0.4999999999999998
1993-04-21,54.68696,16.330435,39.52174,146.03427,56.03655,123.621735,110.53913,191.51303,27.01449321666667,18.568911645174982,0.8660254037844387,-0.4999999999999998
1993-05-01,50.234783,54.68696,16.330435,141.78993,146.03427,56.03655,121.25218,239.69566,35.117391833333336,15.647681453404683,0.49999999999999994,-0.8660254037844387
1993-05-11,33.2,50.234783,54.68696,79.00179,141.78993,146.03427,138.12173,261.8348,37.17971083333333,14.129159107393647,0.49999999999999994,-0.8660254037844387
1993-05-21,22.608696,33.2,50.234783,51.072384,79.00179,141.78993,106.04348,268.13043,36.09710233333333,15.087984694167098,0.49999999999999994,-0.8660254037844387
1993-06-01,29.33913,22.608696,33.2,56.2525,51.072384,79.00179,85.14783,295.8522,34.40000066666667,15.19800995634121,1.2246467991473532e-16,-1.0
1993-06-11,90.652176,29.33913,22.608696,134.99915,56.2525,51.072384,142.6,365.67828,46.7869575,24.7873974510038,1.2246467991473532e-16,-1.0
1993-06-21,10.591305,90.652176,29.33913,25.262299,134.99915,56.2525,130.58261,347.16522,39.43768166666667,28.269133169322313,1.2246467991473532e-16,-1.0
1993-07-01,86.32174,10.591305,90.652176,175.14717,25.262299,134.99915,187.56522,393.96524,45.452174500000005,34.23510547689965,-0.4999999999999997,-0.8660254037844388
1993-07-11,45.217392,86.32174,10.591305,112.56139,175.14717,25.262299,142.13043,422.85217,47.45507316666667,33.72263915977653,-0.4999999999999997,-0.8660254037844388
1993-07-21,2.921739,45.217392,86.32174,30.759706,112.56139,175.14717,134.46086,371.08698,44.17391366666667,37.38278027971588,-0.4999999999999997,-0.8660254037844388
1993-08-01,8.782609,2.921739,45.217392,56.378944,30.759706,112.56139,56.921738,329.6348,40.747826833333335,39.87331569067803,-0.8660254037844384,-0.5000000000000004
1993-08-11,13.130435,8.782609,2.921739,124.860275,56.378944,30.759706,24.834782,309.56528,27.82753666666667,32.311234575065235,-0.8660254037844384,-0.5000000000000004
1993-08-21,24.539131,13.130435,8.782609,176.36066,124.860275,56.378944,46.452175,311.4957,30.15217433333334,31.309365010802455,-0.8660254037844384,-0.5000000000000004
1993-09-01,8.947826,24.539131,13.130435,57.586678,176.36066,124.860275,46.617393,291.10434,17.256522,15.480302796421194,-1.0,-1.8369701987210297e-16
1993-09-11,20.504349,8.947826,24.539131,108.16227,57.586678,176.36066,53.991306,220.95651,13.137681500000005,8.064092261659917,-1.0,-1.8369701987210297e-16
1993-09-21,53.53913,20.504349,8.947826,174.82536,108.16227,57.586678,82.9913,263.90433,21.573913333333337,16.8880989722537,-1.0,-1.8369701987210297e-16
1993-10-01,61.97391,53.53913,20.504349,195.36653,174.82536,108.16227,136.0174,239.55652,30.439130166666672,22.013765155419495,-0.8660254037844386,0.5000000000000001
1993-10-11,24.26087,61.97391,53.53913,78.54809,195.36653,174.82536,139.77391,218.59999,32.29420266666667,20.69280787144509,-0.8660254037844386,0.5000000000000001
1993-10-21,27.704348,24.26087,61.97391,77.14133,78.54809,195.36653,113.939125,243.3826,32.821738833333335,20.49496206820514,-0.8660254037844386,0.5000000000000001
1993-11-01,47.347828,27.704348,24.26087,123.886154,77.14133,78.54809,99.31305,281.9478,39.22173916666667,17.294512874262686,-0.5000000000000004,0.8660254037844384
1993-11-11,9.756522,47.347828,27.704348,58.86366,123.886154,77.14133,84.8087,278.5739,37.43043466666666,19.970511134908218,-0.5000000000000004,0.8660254037844384
1993-11-21,36.36522,9.756522,47.347828,190.06714,58.86366,123.886154,93.469574,290.39996,34.568116333333336,18.36624073915713,-0.5000000000000004,0.8660254037844384
1993-12-01,33.373913,36.36522,9.756522,167.6969,190.06714,58.86366,79.49565,314.82605,29.80145016666667,12.65397922772236,-2.4492935982947064e-16,1.0
1993-12-11,27.956522,33.373913,36.36522,205.1236,167.6969,190.06714,97.695656,322.27823,30.41739216666667,12.418094665051163,-2.4492935982947064e-16,1.0
1993-12-21,1.373913,27.956522,33.373913,48.999508,205.1236,167.6969,62.70435,270.11304,26.028986333333336,17.272288872393105,-2.4492935982947064e-16,1.0
1994-01-01,4.3130436,1.373913,27.956522,72.83402,48.999508,205.1236,33.64348,212.4522,18.85652226666667,15.492472549727081,0.49999999999999994,0.8660254037844387
1994-01-11,5.504348,4.3130436,1.373913,111.49397,72.83402,48.999508,11.191304,193.69568,18.147826600000002,16.078187609470323,0.49999999999999994,0.8660254037844387
1994-01-21,6.7565217,5.504348,4.3130436,145.1578,111.49397,72.83402,16.573914,172.74785,13.213043550000002,13.742754356806508,0.49999999999999994,0.8660254037844387
1994-02-01,3.895652,6.7565217,5.504348,74.62977,145.1578,111.49397,16.156523,129.29565,8.300000050000003,9.796342544810646,0.8660254037844386,0.5000000000000001
1994-02-11,3.4869566,3.895652,6.7565217,66.9747,74.62977,145.1578,14.139131,123.02609,4.221739150000002,1.83493305307188,0.8660254037844386,0.5000000000000001
1994-02-21,9.486957,3.4869566,3.895652,76.05802,66.9747,74.62977,16.869564,96.14783,5.573913150000003,2.257301690778499,0.8660254037844386,0.5000000000000001
1994-03-01,14.486957,9.486957,3.4869566,115.82992,76.05802,66.9747,27.460869,77.26087,7.269565383333336,4.149173273976713,1.0,6.123233995736766e-17
1994-03-11,21.382608,14.486957,9.486957,99.4352,115.82992,76.05802,45.35652,70.68696,9.915942050000004,6.929939639067198,1.0,6.123233995736766e-17
1994-03-21,31.217392,21.382608,14.486957,104.96825,99.4352,115.82992,67.08696,100.53044,13.992753766666668,10.808957279877013,1.0,6.123233995736766e-17
1994-04-01,12.634783,31.217392,21.382608,48.965797,104.96825,99.4352,65.23478,108.85217,15.449275600000002,9.709085155686601,0.8660254037844387,-0.4999999999999998
1994-04-11,36.15652,12.634783,31.217392,108.12107,48.965797,104.96825,80.0087,139.50435,20.894202833333335,10.762352643615337,0.8660254037844387,-0.4999999999999998
1994-04-21,7.9391303,36.15652,12.634783,31.65778,108.12107,48.965797,56.730434,140.68695,20.636231716666668,11.103607741516194,0.8660254037844387,-0.4999999999999998
1994-05-01,29.095652,7.9391303,36.15652,87.52492,31.65778,108.12107,73.1913,165.88696,23.07101421666667,11.087197494790917,0.49999999999999994,-0.8660254037844387
1994-05-11,44.434784,29.095652,7.9391303,102.23656,87.52492,31.65778,81.46957,206.8348,26.91304355,13.997303660749205,0.49999999999999994,-0.8660254037844387
1994-05-21,41.886955,44.434784,29.095652,86.73458,102.23656,87.52492,115.41739,239.2348,28.691304050000003,15.273112943695386,0.49999999999999994,-0.8660254037844387
1994-06-01,71.93913,41.886955,44.434784,126.037506,86.73458,102.23656,158.26086,296.68695,38.575361883333336,20.941513224266824,1.2246467991473532e-16,-1.0
1994-06-11,76.03478,71.93913,41.886955,114.36882,126.037506,86.73458,189.86087,351.33917,45.221738550000005,25.787772891128586,1.2246467991473532e-16,-1.0
1994-06-21,19.486956,76.03478,71.93913,39.675755,114.36882,126.037506,167.46086,339.6087,47.14637616666667,22.694082614910954,1.2246467991473532e-16,-1.0
1994-07-01,37.347828,19.486956,76.03478,81.21947,39.675755,114.36882,132.86957,364.32175,48.52173883333334,21.60527758260124,-0.4999999999999997,-0.8660254037844388
1994-07-11,10.139131,37.347828,19.486956,33.934093,81.21947,39.675755,66.973915,338.30438,42.80579666666667,26.812047710937502,-0.4999999999999997,-0.8660254037844388
1994-07-21,11.991304,10.139131,37.347828,65.976364,33.934093,81.21947,59.478264,342.35654,37.82318816666667,29.645100356645656,-0.4999999999999997,-0.8660254037844388
1994-08-01,11.208695,11.991304,10.139131,66.303055,65.976364,33.934093,33.33913,324.46957,27.701449,25.783312481420694,-0.8660254037844384,-0.5000000000000004
1994-08-11,6.7391305,11.208695,11.991304,80.84477,66.303055,65.976364,29.93913,286.77393,16.152174083333332,11.197226596870557,-0.8660254037844384,-0.5000000000000004
1994-08-21,10.295652,6.7391305,11.208695,91.32127,80.84477,66.303055,28.243479,255.1826,14.620290083333332,11.278186789129137,-0.8660254037844384,-0.5000000000000004
1994-09-01,10.226087,10.295652,6.7391305,62.864258,91.32127,80.84477,27.260868,193.46957,10.099999916666667,1.7976311129545035,-1.0,-1.8369701987210297e-16
1994-09-11,18.052174,10.226087,10.295652,97.76275,62.864258,91.32127,38.573914,135.48695,11.418840416666669,3.713674404538562,-1.0,-1.8369701987210297e-16
1994-09-21,12.495652,18.052174,10.226087,52.250237,97.76275,62.864258,40.77391,128.49565,11.502898416666667,3.7348708695803183,-1.0,-1.8369701987210297e-16
1994-10-01,46.2,12.495652,18.052174,149.35318,52.250237,97.76275,76.747826,137.34782,17.334782583333332,14.625206782096916,-0.8660254037844386,0.5000000000000001
1994-10-11,37.826088,46.2,12.495652,114.96265,149.35318,52.250237,96.52174,165.03479,22.515942166666665,15.595144333642658,-0.8660254037844386,0.5000000000000001
1994-10-21,84.09565,37.826088,46.2,210.15422,114.96265,149.35318,168.12173,237.13913,34.81594183333333,28.110594473318766,-0.8660254037844386,0.5000000000000001
1994-11-01,25.52174,84.09565,37.826088,72.23263,210.15422,114.96265,147.44348,251.45216,37.365217333333334,26.05285397710518,-0.5000000000000004,0.8660254037844384
1994-11-11,23.313044,25.52174,84.09565,112.94053,72.23263,210.15422,132.93044,268.02606,38.242029,25.351974842855313,-0.5000000000000004,0.8660254037844384
1994-11-21,10.365217,23.313044,25.52174,70.60093,112.94053,72.23263,59.200005,268.09564,37.886956500000004,25.79572601009524,-0.5000000000000004,0.8660254037844384
1994-12-01,8.773913,10.365217,23.313044,60.193043,70.60093,112.94053,42.452175,266.6435,31.649275333333335,27.828431553063112,-2.4492935982947064e-16,1.0
1994-12-11,1.9826087,8.773913,10.365217,43.460224,60.193043,70.60093,21.121738,250.57393,25.675362116666665,29.999800910040204,-2.4492935982947064e-16,1.0
1994-12-21,1.6347826,1.9826087,8.773913,51.004948,43.460224,60.193043,12.391305,239.71304,11.931884216666667,10.311746618387646,-2.4492935982947064e-16,1.0
1995-01-01,1.8869566,1.6347826,1.9826087,53.860455,51.004948,43.460224,5.504348,195.40001,7.99275365,8.42349671447593,0.49999999999999994,0.8660254037844387
1995-01-11,1.6782609,1.8869566,1.6347826,70.883575,53.860455,51.004948,5.2,159.25218,4.386956466666667,4.047897400167798,0.49999999999999994,0.8660254037844387
1995-01-21,1.4782609,1.6782609,1.8869566,79.987114,70.883575,53.860455,5.0434785,76.63478,2.9057971166666667,2.8804610598307727,0.49999999999999994,0.8660254037844387
1995-02-01,2.3565218,1.4782609,1.6782609,61.717285,79.987114,70.883575,5.5130434,53.469563,1.8362319166666665,0.3125318022126007,0.8660254037844386,0.5000000000000001
1995-02-11,3.8782609,2.3565218,1.4782609,70.06267,61.717285,79.987114,7.713043,34.034782,2.15217395,0.8986568457965248,0.8660254037844386,0.5000000000000001
1995-02-21,6.017391,3.8782609,2.3565218,57.842438,70.06267,61.717285,12.252174,29.686956,2.882608683333333,1.7611882505332686,0.8660254037844386,0.5000000000000001
1995-03-01,7.347826,6.017391,3.8782609,73.39513,57.842438,70.06267,17.243477,28.26087,3.792753583333333,2.428397844222396,1.0,6.123233995736766e-17
1995-03-11,63.930435,7.347826,6.017391,259.7966,73.39513,57.842438,77.295654,90.208694,14.168115933333334,24.477199038905407,1.0,6.123233995736766e-17
1995-03-21,45.217392,63.930435,7.347826,145.5442,259.7966,73.39513,116.49565,133.7913,21.45797111666667,26.381203747684417,1.0,6.123233995736766e-17
1995-04-01,31.234783,45.217392,63.930435,100.61167,145.5442,259.7966,140.38261,163.13914,26.271014649999998,24.785350157568974,0.8660254037844387,-0.4999999999999998
1995-04-11,19.365217,31.234783,45.217392,64.00914,100.61167,145.5442,95.8174,180.8261,28.852174,22.70615877378018,0.8660254037844387,-0.4999999999999998
1995-04-21,49.12174,19.365217,31.234783,132.41803,64.00914,100.61167,99.72174,228.46957,36.03623216666667,20.77311758990229,0.8660254037844387,-0.4999999999999998
1995-05-01,74.791306,49.12174,19.365217,204.82753,132.41803,64.00914,143.27826,300.90436,47.27681216666667,20.388424848646935,0.49999999999999994,-0.8660254037844387
1995-05-11,41.234783,74.791306,49.12174,95.61861,204.82753,132.41803,165.14783,338.26086,43.4942035,18.7176576102337,0.49999999999999994,-0.8660254037844387
1995-05-21,33.191303,41.234783,74.791306,70.64879,95.61861,204.82753,149.21739,365.43478,41.48985533333333,19.135461545187493,0.49999999999999994,-0.8660254037844387
1995-06-01,67.86087,33.191303,41.234783,119.35671,70.64879,95.61861,142.28696,425.94785,47.59420316666667,20.96432671898846,1.2246467991473532e-16,-1.0
1995-06-11,107.81739,67.86087,33.191303,159.22536,119.35671,70.64879,208.86957,469.83478,62.336231999999995,27.2892178764075,1.2246467991473532e-16,-1.0
1995-06-21,113.62608,107.81739,67.86087,192.20761,159.22536,119.35671,289.30432,538.24347,73.08695533333334,33.12420401288449,1.2246467991473532e-16,-1.0
1995-07-01,22.0,113.62608,107.81739,51.783657,192.20761,159.22536,243.44348,529.00867,64.28840433333333,39.0603370524971,-0.4999999999999997,-0.8660254037844388
1995-07-11,119.46957,22.0,113.62608,278.99634,51.783657,192.20761,255.09564,629.11304,77.3275355,42.71282615687131,-0.4999999999999997,-0.8660254037844388
1995-07-21,17.86087,119.46957,22.0,88.767586,278.99634,51.783657,159.33044,597.8522,74.77246333333333,46.197477236899275,-0.4999999999999997,-0.8660254037844388
1995-08-01,25.93913,17.86087,119.46957,126.55916,88.767586,278.99634,163.26958,549.0,67.78550666666666,50.428272737695345,-0.8660254037844384,-0.5000000000000004
1995-08-11,9.608696,25.93913,17.86087,100.606834,126.55916,88.767586,53.4087,517.3739,51.417391,50.77312637568075,-0.8660254037844384,-0.5000000000000004
1995-08-21,18.686956,9.608696,25.93913,141.42078,100.606834,126.55916,54.234787,502.86954,35.594203666666665,41.44556104984026,-0.8660254037844384,-0.5000000000000004
1995-09-01,24.104347,18.686956,9.608696,120.16371,141.42078,100.606834,52.4,459.11304,35.94492816666667,41.316217253084794,-1.0,-1.8369701987210297e-16
1995-09-11,13.643478,24.104347,18.686956,79.065765,120.16371,141.42078,56.434784,364.9391,18.307246166666665,6.158099847704053,-1.0,-1.8369701987210297e-16
1995-09-21,34.173912,13.643478,24.104347,116.991714,79.065765,120.16371,71.92174,285.48694,21.0260865,8.908537984506793,-1.0,-1.8369701987210297e-16
1995-10-01,19.347826,34.173912,13.643478,71.023926,116.991714,79.065765,67.165215,282.83478,19.927535833333334,8.581933646638934,-0.8660254037844386,0.5000000000000001
1995-10-11,18.504349,19.347826,34.173912,63.09524,71.023926,116.991714,72.026085,181.86957,21.410144666666667,7.079634978119784,-0.8660254037844386,0.5000000000000001
1995-10-21,20.634783,18.504349,19.347826,60.466003,63.09524,71.023926,58.486954,184.64348,21.734782499999998,6.973653963023569,-0.8660254037844386,0.5000000000000001
1995-11-01,58.35652,20.634783,18.504349,149.93929,60.466003,63.09524,97.49565,217.06087,27.443478,16.632262886985018,-0.5000000000000004,0.8660254037844384
1995-11-11,37.18261,58.35652,20.634783,168.26613,149.93929,60.466003,116.17391,244.6348,31.366666666666664,15.461067750558167,-0.5000000000000004,0.8660254037844384
1995-11-21,5.7391305,37.18261,58.35652,49.344734,168.26613,149.93929,101.27826,231.68695,26.62753641666667,18.489764359722084,-0.5000000000000004,0.8660254037844384
1995-12-01,4.695652,5.7391305,37.18261,42.370735,49.344734,168.26613,47.617393,212.27826,24.185507416666667,20.501654893616273,-2.4492935982947064e-16,1.0
1995-12-11,9.113044,4.695652,5.7391305,87.84053,42.370735,49.344734,19.547825,207.74783,22.620289916666668,21.36255333260683,-2.4492935982947064e-16,1.0
1995-12-21,6.078261,9.113044,4.695652,85.16422,87.84053,42.370735,19.886957,179.65218,20.194202916666665,22.432897800403083,-2.4492935982947064e-16,1.0
1996-01-01,16.86087,6.078261,9.113044,170.96614,85.16422,87.84053,32.052177,177.1652,13.27826125,12.52151497991109,0.49999999999999994,0.8660254037844387
1996-01-11,5.53913,16.86087,6.078261,111.86315,170.96614,85.16422,28.47826,164.19998,8.004347916666667,4.59419153320197,0.49999999999999994,0.8660254037844387
1996-01-21,2.747826,5.53913,16.86087,95.66244,111.86315,170.96614,25.147827,146.31305,7.5057971666666665,5.030735032426117,0.49999999999999994,0.8660254037844387
1996-02-01,8.330435,2.747826,5.53913,111.83523,95.66244,111.86315,16.617392,96.286964,8.111594333333334,4.8398893641895055,0.8660254037844386,0.5000000000000001
1996-02-11,20.530436,8.330435,2.747826,201.47307,111.83523,95.66244,31.608696,79.63478,10.014493,7.0515421317784375,0.8660254037844386,0.5000000000000001
1996-02-21,31.67826,20.530436,8.330435,192.56465,201.47307,111.83523,60.53913,105.57391,14.281159500000001,10.892377631356371,0.8660254037844386,0.5000000000000001
1996-03-01,5.330435,31.67826,20.530436,61.403812,192.56465,201.47307,57.53913,106.2087,12.359420333333333,11.35360318650647,1.0,6.123233995736766e-17
1996-03-11,29.217392,5.330435,31.67826,128.96425,61.403812,192.56465,66.22609,126.31304,16.305797333333334,12.559880783746722,1.0,6.123233995736766e-17
1996-03-21,34.469566,29.217392,5.330435,114.39396,128.96425,61.403812,69.017395,154.70435,21.592754000000003,12.386649807264893,1.0,6.123233995736766e-17
1996-04-01,32.713043,34.469566,29.217392,104.7163,114.39396,128.96425,96.4,170.55652,25.656522,11.0980352069895,0.8660254037844387,-0.4999999999999998
1996-04-11,34.921738,32.713043,34.469566,104.87721,104.7163,114.39396,102.10435,199.93913,28.05507233333333,11.321494026107608,0.8660254037844387,-0.4999999999999998
1996-04-21,47.147827,34.921738,32.713043,127.58851,104.87721,104.7163,114.78261,244.33913,30.633333500000003,13.801466175362235,0.8660254037844387,-0.4999999999999998
1996-05-01,22.365217,47.147827,34.921738,70.24762,127.58851,104.87721,104.434784,258.3739,33.472463833333336,8.150625185919035,0.49999999999999994,-0.8660254037844387
1996-05-11,61.87826,22.365217,47.147827,138.3116,70.24762,127.58851,131.39131,299.72174,38.91594183333333,13.73432457562564,0.49999999999999994,-0.8660254037844387
1996-05-21,50.191303,61.87826,22.365217,102.09651,138.3116,70.24762,134.43478,318.2348,41.53623133333333,14.20792994596915,0.49999999999999994,-0.8660254037844387
1996-06-01,127.49565,50.191303,61.87826,217.04716,102.09651,138.3116,239.56522,440.40002,57.333332500000004,36.94105829635702,1.2246467991473532e-16,-1.0
1996-06-11,69.26956,127.49565,50.191303,104.820694,217.04716,102.09651,246.95651,480.45218,63.05796949999999,35.4027515497961,1.2246467991473532e-16,-1.0
1996-06-21,19.243479,69.26956,127.49565,39.281254,104.820694,217.04716,216.0087,465.22607,58.40724483333333,39.50588713175894,1.2246467991473532e-16,-1.0
1996-07-01,66.026085,19.243479,69.26956,136.22188,39.281254,104.820694,154.53912,498.53912,65.68405616666666,35.34086203362123,-0.4999999999999997,-0.8660254037844388
1996-07-11,59.35652,66.026085,19.243479,144.254,136.22188,39.281254,144.62608,522.9739,65.26376616666666,35.41010142253454,-0.4999999999999997,-0.8660254037844388
1996-07-21,57.547825,59.35652,66.026085,242.87,144.254,136.22188,182.93044,533.3739,66.48985316666666,34.907630340538546,-0.4999999999999997,-0.8660254037844388
1996-08-01,8.208695,57.547825,59.35652,54.0313,242.87,144.254,125.11304,519.2174,46.60869400000001,26.061989529099684,-0.8660254037844384,-0.5000000000000004
1996-08-11,14.443479,8.208695,57.547825,133.9029,54.0313,242.87,80.200005,471.7826,37.47101383333334,26.13901109924022,-0.8660254037844384,-0.5000000000000004
1996-08-21,26.234783,14.443479,8.208695,186.48439,133.9029,54.0313,48.886955,447.82608,38.63623116666667,25.30653265410805,-0.8660254037844384,-0.5000000000000004
1996-09-01,29.504349,26.234783,14.443479,142.4588,186.48439,133.9029,70.18261,349.83478,32.54927516666667,21.508063388813465,-1.0,-1.8369701987210297e-16
1996-09-11,8.060869,29.504349,26.234783,55.390285,142.4588,186.48439,63.800003,288.6261,24.000000000000004,18.737646487556287,-1.0,-1.8369701987210297e-16
1996-09-21,5.026087,8.060869,29.504349,29.942608,55.390285,142.4588,42.5913,274.40872,15.246377,10.298488219222499,-1.0,-1.8369701987210297e-16
1996-10-01,6.1391306,5.026087,8.060869,32.493446,29.942608,55.390285,19.226086,214.52174,14.9014496,10.611252683796456,-0.8660254037844386,0.5000000000000001
1996-10-11,11.469565,6.1391306,5.026087,44.21102,32.493446,29.942608,22.634783,166.63478,14.405797266666667,10.70595614619178,-0.8660254037844386,0.5000000000000001
1996-10-21,36.147827,11.469565,6.1391306,97.05738,44.21102,32.493446,53.756523,145.23477,16.057971266666666,13.33791861505384,-0.8660254037844386,0.5000000000000001
1996-11-01,38.243477,36.147827,11.469565,102.33984,97.05738,44.21102,85.86087,175.26956,17.5144926,15.415338004977714,-0.5000000000000004,0.8660254037844384
1996-11-11,5.7565217,38.243477,36.147827,42.907684,102.33984,97.05738,80.14783,166.5826,17.130434716666667,15.723594416079411,-0.5000000000000004,0.8660254037844384
1996-11-21,8.017391,5.7565217,38.243477,59.81301,42.907684,102.33984,52.01739,148.36522,17.628985383333333,15.304888907400276,-0.5000000000000004,0.8660254037844384
1996-12-01,23.713043,8.017391,5.7565217,125.47817,59.81301,42.907684,37.486954,142.57391,20.55797078333333,14.315888960450012,-2.4492935982947064e-16,1.0
1996-12-11,6.026087,23.713043,8.017391,68.6271,125.47817,59.81301,37.756523,140.53914,19.650724450000002,15.154941997865723,-2.4492935982947064e-16,1.0
1996-12-21,3.1565218,6.026087,23.713043,62.70333,68.6271,125.47817,32.895653,138.66957,14.152173583333331,13.905835419042594,-2.4492935982947064e-16,1.0
1997-01-01,11.782609,3.1565218,6.026087,131.25084,62.70333,68.6271,20.965218,144.31305,9.742028916666667,7.421441552995211,0.49999999999999994,0.8660254037844387
1997-01-11,2.8521738,11.782609,3.1565218,83.34358,131.25084,62.70333,17.791306,135.69566,9.257970933333334,7.81753076859699,0.49999999999999994,0.8660254037844387
1997-01-21,3.078261,2.8521738,11.782609,99.74232,83.34358,131.25084,17.713043,102.62609,8.4347826,8.223781109515695,0.49999999999999994,0.8660254037844387
1997-02-01,6.695652,3.078261,2.8521738,98.12027,99.74232,83.34358,12.626087,71.07825,5.5985507666666665,3.449259253964657,0.8660254037844386,0.5000000000000001
1997-02-11,2.6608696,6.695652,3.078261,60.455643,98.12027,99.74232,12.434782,67.982605,5.037681200000001,3.6344650881966705,0.8660254037844386,0.5000000000000001
1997-02-21,2.6173913,2.6608696,6.695652,39.992092,60.455643,98.12027,11.973913,62.582607,4.947826116666667,3.696411267227465,0.8660254037844386,0.5000000000000001
1997-03-01,6.4869566,2.6173913,2.6608696,68.27814,39.992092,60.455643,11.765218,45.356518,4.065217383333334,1.9645843228486142,1.0,6.123233995736766e-17
1997-03-11,19.313044,6.4869566,2.6173913,91.63508,68.27814,39.992092,28.417393,58.64348,6.808695750000001,6.40566402981872,1.0,6.123233995736766e-17
1997-03-21,25.469564,19.313044,6.4869566,88.30941,91.63508,68.27814,51.26956,80.95652,10.540579583333333,9.548955723653233,1.0,6.123233995736766e-17
1997-04-01,71.63478,25.469564,19.313044,212.78873,88.30941,91.63508,116.41739,140.80869,21.36376758333333,26.346848929586027,0.8660254037844387,-0.4999999999999998
1997-04-11,22.730434,71.63478,25.469564,72.84981,212.78873,88.30941,119.83478,160.68695,24.70869498333333,24.72132840623249,0.8660254037844387,-0.4999999999999998
1997-04-21,87.434784,22.730434,71.63478,226.15738,72.84981,212.78873,181.8,245.04349,38.8449271,32.56764831855027,0.8660254037844387,-0.4999999999999998
1997-05-01,58.70435,87.434784,22.730434,163.53165,226.15738,72.84981,168.86957,297.0522,47.54782599999999,28.969550609094018,0.49999999999999994,-0.8660254037844387
1997-05-11,44.29565,58.70435,87.434784,101.94882,163.53165,226.15738,190.43478,338.68695,51.711593666666666,25.711967172971722,0.49999999999999994,-0.8660254037844387
1997-05-21,36.6,44.29565,58.70435,76.95442,101.94882,163.53165,139.6,372.6696,53.56666633333333,23.76802328359858,0.49999999999999994,-0.8660254037844387
1997-06-01,75.6,36.6,44.29565,132.03453,76.95442,101.94882,156.49564,441.78262,54.227536333333326,24.41714651674966,1.2246467991473532e-16,-1.0
1997-06-11,61.052174,75.6,36.6,93.22304,132.03453,76.95442,173.25217,483.52176,60.61449299999999,18.924767640399963,1.2246467991473532e-16,-1.0
1997-06-21,169.13913,61.052174,75.6,282.15436,93.22304,132.03453,305.79132,627.1913,74.231884,48.448741886640256,1.2246467991473532e-16,-1.0
1997-07-01,30.443478,169.13913,61.052174,67.977516,282.15436,93.22304,260.63477,586.0,69.52173866666665,51.535638786231026,-0.4999999999999997,-0.8660254037844388
1997-07-11,14.060869,30.443478,169.13913,42.7246,67.977516,282.15436,213.64348,577.33044,64.4826085,55.79750145529672,-0.4999999999999997,-0.8660254037844388
1997-07-21,22.026087,14.060869,30.443478,104.9409,42.7246,67.977516,66.53043,511.92178,62.053622999999995,57.543935181788925,-0.4999999999999997,-0.8660254037844388
1997-08-01,19.113043,22.026087,14.060869,98.63647,104.9409,42.7246,55.199997,472.33044,52.63913016666666,59.472876860105885,-0.8660254037844384,-0.5000000000000004
1997-08-11,7.0,19.113043,22.026087,82.64133,98.63647,104.9409,48.13913,435.0348,43.6304345,61.984395972256166,-0.8660254037844384,-0.5000000000000004
1997-08-21,5.878261,7.0,19.113043,64.947655,82.64133,98.63647,31.991304,404.31308,16.420289666666662,9.389023239759917,-0.8660254037844384,-0.5000000000000004
1997-09-01,11.634783,5.878261,7.0,68.68037,64.947655,82.64133,24.513044,340.34784,13.285507166666662,6.450719061848794,-1.0,-1.8369701987210297e-16
1997-09-11,14.73913,11.634783,5.878261,83.71235,68.68037,64.947655,32.252174,294.0348,13.398550666666663,6.472928895734007,-1.0,-1.8369701987210297e-16
1997-09-21,39.16522,14.73913,11.634783,131.89809,83.71235,68.68037,65.53913,164.06087,16.25507283333333,12.24763319555698,-1.0,-1.8369701987210297e-16
1997-10-01,38.113045,39.16522,14.73913,125.76309,131.89809,83.71235,92.017395,171.73044,19.42173983333333,15.227993097558393,-0.8660254037844386,0.5000000000000001
1997-10-11,35.886955,38.113045,39.16522,109.75723,125.76309,131.89809,113.165215,193.55652,24.23623233333333,15.081024704566346,-0.8660254037844386,0.5000000000000001
1997-10-21,55.391304,35.886955,38.113045,142.4479,109.75723,125.76309,129.3913,226.92175,32.48840616666666,16.505875753349414,-0.8660254037844386,0.5000000000000001
1997-11-01,35.53913,55.391304,35.886955,95.93974,142.4479,109.75723,126.81739,243.34781,36.472463999999995,12.972406775451525,-0.5000000000000004,0.8660254037844384
1997-11-11,16.452173,35.53913,55.391304,85.57256,95.93974,142.4479,107.38261,252.79999,36.75797116666666,12.404852652528525,-0.5000000000000004,0.8660254037844384
1997-11-21,17.130434,16.452173,35.53913,101.68611,85.57256,95.93974,69.121735,264.05215,33.085506833333326,14.614549252442817,-0.5000000000000004,0.8660254037844384
1997-12-01,37.921738,17.130434,16.452173,187.57126,101.68611,85.57256,71.50435,290.3391,33.05362233333333,14.601589923104203,-2.4492935982947064e-16,1.0
1997-12-11,17.095652,37.921738,17.130434,137.52481,187.57126,101.68611,72.14782,292.69562,29.921738499999993,15.835460249068037,-2.4492935982947064e-16,1.0
1997-12-21,21.130434,17.095652,37.921738,200.87793,137.52481,187.57126,76.14782,274.66086,24.211593499999996,9.866739471840237,-2.4492935982947064e-16,1.0
1998-01-01,5.0695653,21.130434,17.095652,78.7505,200.87793,137.52481,43.29565,241.61739,19.13333271666666,10.678337922873268,0.49999999999999994,0.8660254037844387
1998-01-11,4.504348,5.0695653,21.130434,100.87988,78.7505,200.87793,30.704346,210.23479,17.142028549999996,12.27323369519585,0.49999999999999994,0.8660254037844387
1998-01-21,3.5565217,4.504348,5.0695653,105.64741,100.87988,78.7505,13.130435,158.4,14.87970983333333,13.468620365631958,0.49999999999999994,0.8660254037844387
1998-02-01,3.973913,3.5565217,4.504348,75.28633,105.64741,100.87988,12.034782,126.83478,9.221738999999996,7.783883498600942,0.8660254037844386,0.5000000000000001
1998-02-11,6.382609,3.973913,3.5565217,89.8257,75.28633,105.64741,13.913044,116.765205,7.436231833333328,6.780533161499668,0.8660254037844386,0.5000000000000001
1998-02-21,14.217391,6.382609,3.973913,100.893295,89.8257,75.28633,24.573914,113.852165,6.284057999999995,4.00914128411072,0.8660254037844386,0.5000000000000001
1998-03-01,1.5913043,14.217391,6.382609,39.178524,100.893295,89.8257,22.191305,77.521736,5.704347833333329,4.447395432976364,1.0,6.123233995736766e-17
1998-03-11,4.9391303,1.5913043,14.217391,37.460266,39.178524,100.893295,20.747826,65.36522,5.776811549999995,4.427430022444555,1.0,6.123233995736766e-17
1998-03-21,18.330435,4.9391303,1.5913043,67.618195,37.460266,39.178524,24.86087,62.565216,8.23913043333333,6.546699504716462,1.0,6.123233995736766e-17
1998-04-01,6.982609,18.330435,4.9391303,33.271633,67.618195,37.460266,30.252174,64.47826,8.740579766666661,6.263775694909366,0.8660254037844387,-0.4999999999999998
1998-04-11,15.052174,6.982609,18.330435,52.67847,33.271633,67.618195,40.36522,75.026085,10.185507266666663,6.6018744691025555,0.8660254037844387,-0.4999999999999998
1998-04-21,12.321739,15.052174,6.982609,42.380573,52.67847,33.271633,34.35652,83.791306,9.869565266666664,6.412990192166822,0.8660254037844387,-0.4999999999999998
1998-05-01,26.92174,12.321739,15.052174,81.9444,42.380573,52.67847,54.295654,106.73913,14.091304549999995,8.011751107833968,0.49999999999999994,-0.8660254037844387
1998-05-11,66.834785,26.92174,12.321739,148.56221,81.9444,42.380573,106.07826,167.19131,24.407246999999995,21.81990469161719,0.49999999999999994,-0.8660254037844387
1998-05-21,49.72174,66.834785,26.92174,101.22788,148.56221,81.9444,143.47827,202.69565,29.63913116666666,23.749532390847143,0.49999999999999994,-0.8660254037844387
1998-06-01,46.486958,49.72174,66.834785,84.34313,101.22788,148.56221,163.04349,247.59131,36.22318933333333,21.589968895690955,1.2246467991473532e-16,-1.0
1998-06-11,40.469566,46.486958,49.72174,64.17368,84.34313,101.22788,136.67825,283.12173,40.45942133333333,18.935573082368254,1.2246467991473532e-16,-1.0
1998-06-21,31.365217,40.469566,46.486958,58.92188,64.17368,84.34313,118.32175,296.1565,43.63333433333332,14.306031474619168,1.2246467991473532e-16,-1.0
1998-07-01,47.46087,31.365217,40.469566,100.615395,58.92188,64.17368,119.295654,336.63477,47.05652266666666,11.733507716696321,-0.4999999999999997,-0.8660254037844388
1998-07-11,16.173914,47.46087,31.365217,47.460953,100.615395,58.92188,95.0,337.75653,38.61304416666666,12.831039698648059,-0.4999999999999997,-0.8660254037844388
1998-07-21,11.956522,16.173914,47.46087,65.84131,47.460953,100.615395,75.5913,337.3913,32.318841166666665,15.314326633676286,-0.4999999999999997,-0.8660254037844388
1998-08-01,9.939131,11.956522,16.173914,61.109795,65.84131,47.460953,38.069565,320.4087,26.227536666666666,15.812241780881893,-0.8660254037844384,-0.5000000000000004
1998-08-11,7.4086957,9.939131,11.956522,85.45592,61.109795,65.84131,29.304348,260.9826,20.717391616666664,15.615877405066064,-0.8660254037844384,-0.5000000000000004
1998-08-21,14.73913,7.4086957,9.939131,117.85065,85.45592,61.109795,32.086956,226.00003,17.946377116666664,14.802502721218165,-0.8660254037844384,-0.5000000000000004
1998-09-01,4.617391,14.73913,7.4086957,39.70752,117.85065,85.45592,26.765217,184.13045,10.805797283333332,4.386336345039606,-1.0,-1.8369701987210297e-16
1998-09-11,6.0695653,4.617391,14.73913,46.945297,39.70752,117.85065,25.426086,149.73044,9.121739166666664,3.8157211253813044,-1.0,-1.8369701987210297e-16
1998-09-21,22.452173,6.0695653,4.617391,81.98509,46.945297,39.70752,33.13913,140.8174,10.87101433333333,6.694823811779093,-1.0,-1.8369701987210297e-16
1998-10-01,27.66087,22.452173,6.0695653,95.27353,81.98509,46.945297,56.18261,121.017395,13.824637499999996,9.516205517435559,-0.8660254037844386,0.5000000000000001
1998-10-11,27.365217,27.66087,22.452173,86.881424,95.27353,81.98509,77.478264,132.2087,17.15072438333333,10.281991028320288,-0.8660254037844386,0.5000000000000001
1998-10-21,44.191303,27.365217,27.66087,116.029915,86.881424,95.27353,99.21739,164.44347,22.05941988333333,14.895650727083908,-0.8660254037844386,0.5000000000000001
1998-11-01,18.530436,44.191303,27.365217,55.687035,116.029915,86.881424,90.08695,173.03479,24.378260716666663,12.53291084893022,-0.5000000000000004,0.8660254037844384
1998-11-11,12.243478,18.530436,44.191303,68.7841,55.687035,116.029915,74.96522,177.86957,25.407246166666667,10.872543668514137,-0.5000000000000004,0.8660254037844384
1998-11-21,20.791304,12.243478,18.530436,118.50728,68.7841,55.687035,51.565216,183.92175,25.130434666666662,10.983403353653172,-0.5000000000000004,0.8660254037844384
1998-12-01,14.756522,20.791304,12.243478,86.3375,118.50728,68.7841,47.791306,194.06088,22.979709999999997,11.633030625196465,-2.4492935982947064e-16,1.0
1998-12-11,5.878261,14.756522,20.791304,67.70702,86.3375,118.50728,41.426086,193.86958,19.398550666666665,13.212991189447038,-2.4492935982947064e-16,1.0
1998-12-21,6.156522,5.878261,14.756522,85.765854,67.70702,86.3375,26.791306,177.57391,13.059420499999996,6.20449850010755,-2.4492935982947064e-16,1.0
1999-01-01,3.9130435,6.156522,5.878261,69.705765,85.765854,67.70702,15.947826,153.82608,10.623188416666665,6.489866704808318,0.49999999999999994,0.8660254037844387
1999-01-11,12.486957,3.9130435,6.156522,185.60794,69.705765,85.765854,22.556522,138.94783,10.663768249999999,6.502772699272511,0.49999999999999994,0.8660254037844387
1999-01-21,7.878261,12.486957,3.9130435,159.00795,185.60794,69.705765,24.278261,102.63477,8.511594416666664,4.215002275467634,0.49999999999999994,0.8660254037844387
1999-02-01,9.939131,7.878261,12.486957,125.33133,159.00795,185.60794,30.304348,94.04348,7.708695916666666,3.0984539718656774,0.8660254037844386,0.5000000000000001
1999-02-11,9.417392,9.939131,7.878261,113.77464,125.33133,159.00795,27.234783,91.21739,8.298551083333331,3.0160789344457393,0.8660254037844386,0.5000000000000001
1999-02-21,28.947826,9.417392,9.939131,178.22958,113.77464,125.33133,48.304348,99.37392,12.097101749999998,8.725984227362158,0.8660254037844386,0.5000000000000001
1999-03-01,9.843478,28.947826,9.417392,88.22921,178.22958,113.77464,48.2087,94.46087,13.085507499999997,7.911413763522145,1.0,6.123233995736766e-17
1999-03-11,21.669565,9.843478,28.947826,100.51674,88.22921,178.22958,60.46087,110.252174,14.615942166666663,8.628171736085031,1.0,6.123233995736766e-17
1999-03-21,39.034782,21.669565,9.843478,127.62525,100.51674,88.22921,70.54782,143.13043,19.808695666666665,12.339546145370498,1.0,6.123233995736766e-17
1999-04-01,5.1130433,39.034782,21.669565,28.08048,127.62525,100.51674,65.81739,144.33043,19.00434771666666,13.23626860858471,0.8660254037844387,-0.4999999999999998
1999-04-11,42.747826,5.1130433,39.034782,125.436905,28.08048,127.62525,86.89565,174.59131,24.55942005,15.249158027244812,0.8660254037844387,-0.4999999999999998
1999-04-21,22.878262,42.747826,5.1130433,68.2089,125.436905,28.08048,70.739136,189.59131,23.547826049999998,15.10041293330413,0.8660254037844387,-0.4999999999999998
1999-05-01,28.634783,22.878262,42.747826,86.34184,68.2089,125.436905,94.260864,208.28697,26.679710216666663,13.559706034546634,0.49999999999999994,-0.8660254037844387
1999-05-11,25.443478,28.634783,22.878262,62.960453,86.34184,68.2089,76.95653,224.31305,27.308695716666662,13.366982585181871,0.49999999999999994,-0.8660254037844387
1999-05-21,47.773914,25.443478,28.634783,97.624664,62.960453,86.34184,101.85217,243.13913,28.765217716666665,15.244516647005739,0.49999999999999994,-0.8660254037844387
1999-06-01,28.513044,47.773914,25.443478,54.899246,97.624664,62.960453,101.73044,261.8087,32.66521783333333,10.112909279639862,1.2246467991473532e-16,-1.0
1999-06-11,61.226086,28.513044,47.773914,93.4685,54.899246,97.624664,137.51305,301.3652,35.74492783333333,15.28732279621065,1.2246467991473532e-16,-1.0
1999-06-21,81.843475,61.226086,28.513044,140.71086,93.4685,54.899246,171.58261,344.17392,45.572463333333324,22.576773146602985,1.2246467991473532e-16,-1.0
1999-07-01,93.28696,81.843475,61.226086,188.50586,140.71086,93.4685,236.35652,432.3478,56.347826166666664,27.71891390550912,-0.4999999999999997,-0.8660254037844388
1999-07-11,93.54783,93.28696,81.843475,220.89322,188.50586,140.71086,268.67825,483.14783,67.6985515,26.447754901094882,-0.4999999999999997,-0.8660254037844388
1999-07-21,31.32174,93.54783,93.28696,141.03545,220.89322,188.50586,218.15652,491.5913,64.95652249999999,29.592524710544797,-0.4999999999999997,-0.8660254037844388
1999-08-01,17.26087,31.32174,93.54783,91.06,141.03545,220.89322,142.13043,480.2174,63.08116016666667,32.57064270982107,-0.8660254037844384,-0.5000000000000004
1999-08-11,7.5652175,17.26087,31.32174,86.53386,91.06,141.03545,56.147827,462.33914,54.137682083333324,39.75650291787876,-0.8660254037844384,-0.5000000000000004
1999-08-21,10.747826,7.5652175,17.26087,94.020935,86.53386,91.06,35.573914,425.31305,42.28840725,40.4364548066036,-0.8660254037844384,-0.5000000000000004
1999-09-01,49.70435,10.747826,7.5652175,225.85898,94.020935,86.53386,68.017395,446.50436,35.02463891666667,32.59786566174911,-1.0,-1.8369701987210297e-16
1999-09-11,20.373913,49.70435,10.747826,107.60909,225.85898,94.020935,80.82609,405.65216,22.82898608333333,15.558794398210987,-1.0,-1.8369701987210297e-16
1999-09-21,31.426086,20.373913,49.70435,108.785416,107.60909,225.85898,101.50435,355.23477,22.846377083333326,15.570239939293261,-1.0,-1.8369701987210297e-16
1999-10-01,22.017391,31.426086,20.373913,78.811195,108.785416,107.60909,73.81739,283.9652,23.639130583333326,15.348488125633969,-0.8660254037844386,0.5000000000000001
1999-10-11,43.808697,22.017391,31.426086,131.0224,78.811195,108.785416,97.252174,234.2261,29.6797105,14.882133798360941,-0.8660254037844386,0.5000000000000001
1999-10-21,19.095652,43.808697,22.017391,56.835587,131.0224,78.811195,84.92174,222.00002,31.071014833333333,13.033658036667632,-0.8660254037844386,0.5000000000000001
1999-11-01,34.31304,19.095652,43.808697,93.038086,56.835587,131.0224,97.21739,239.05219,28.5057965,9.728398493543548,-0.5000000000000004,0.8660254037844384
1999-11-11,13.982609,34.31304,19.095652,75.72149,93.038086,56.835587,67.3913,245.46957,27.440579166666666,11.056183829378774,-0.5000000000000004,0.8660254037844384
1999-11-21,18.643478,13.982609,34.31304,108.638336,75.72149,93.038086,66.93913,253.36522,25.310144499999993,11.361938367633362,-0.5000000000000004,0.8660254037844384
1999-12-01,27.365217,18.643478,13.982609,141.43846,108.638336,75.72149,59.991302,231.0261,26.201448833333327,11.261285665769039,-2.4492935982947064e-16,1.0
1999-12-11,4.2,27.365217,18.643478,57.261414,141.43846,108.638336,50.2087,214.85216,19.59999933333333,10.456161092745042,-2.4492935982947064e-16,1.0
1999-12-21,3.5565217,4.2,27.365217,65.778336,57.261414,141.43846,35.12174,186.9826,17.01014428333333,12.357598773594656,-2.4492935982947064e-16,1.0
2000-01-01,7.130435,3.5565217,4.2,94.86784,65.778336,57.261414,14.886956,172.09564,12.479710116666661,9.366116486101161,0.49999999999999994,0.8660254037844387
2000-01-11,5.626087,7.130435,3.5565217,112.78612,94.86784,65.778336,16.313044,133.91302,11.086956449999995,9.712832318863361,0.49999999999999994,0.8660254037844387
2000-01-21,4.0086956,5.626087,7.130435,111.2304,112.78612,94.86784,16.765217,118.82608,8.647826049999995,9.262830823755635,0.49999999999999994,0.8660254037844387
2000-02-01,4.617391,4.0086956,5.626087,80.68478,111.2304,112.78612,14.252174,89.130424,4.856521716666662,1.316049070286006,0.8660254037844386,0.5000000000000001
2000-02-11,2.7739131,4.617391,4.0086956,61.34773,80.68478,111.2304,11.400001,77.921745,4.618840566666662,1.5637908868113268,0.8660254037844386,0.5000000000000001
2000-02-21,2.2,2.7739131,4.617391,37.800743,61.34773,80.68478,9.591304,61.47826,4.3927536166666625,1.8244333995564455,0.8660254037844386,0.5000000000000001
2000-03-01,7.730435,2.2,2.7739131,75.669334,37.800743,61.34773,12.704348,41.843475,4.492753616666662,2.0113678831623716,1.0,6.123233995736766e-17
2000-03-11,3.9826088,7.730435,2.2,33.855164,75.669334,37.800743,13.913044,41.626087,4.2188405833333285,1.9366794718951508,1.0,6.123233995736766e-17
2000-03-21,17.773912,3.9826088,7.730435,66.00524,33.855164,75.669334,29.486956,55.843475,6.5130433166666615,5.8458402303074966,1.0,6.123233995736766e-17
2000-04-01,40.02609,17.773912,3.9826088,125.02214,66.00524,33.855164,61.782608,88.739136,12.414493149999997,14.7067153332952,0.8660254037844387,-0.4999999999999998
2000-04-11,30.234783,40.02609,17.773912,92.564255,125.02214,66.00524,88.03479,113.347824,16.991304799999995,15.364739482548993,0.8660254037844387,-0.4999999999999998
2000-04-21,23.52174,30.234783,40.02609,69.78328,92.564255,125.02214,93.78261,132.86089,20.54492813333333,13.626962612971585,0.8660254037844387,-0.4999999999999998
2000-05-01,39.669567,23.52174,30.234783,114.668594,69.78328,92.564255,93.42609,167.91306,25.868116799999996,13.856356680651837,0.49999999999999994,-0.8660254037844387
2000-05-11,39.626087,39.669567,23.52174,92.29165,114.668594,69.78328,102.8174,204.76523,31.808696499999996,9.576601306109934,0.49999999999999994,-0.8660254037844387
2000-05-21,47.921738,39.626087,39.669567,97.89812,92.29165,114.668594,127.21739,250.48697,36.83333416666666,8.599180091293578,0.49999999999999994,-0.8660254037844387
2000-06-01,51.15652,47.921738,39.626087,91.99255,97.89812,92.29165,138.70435,293.91306,38.68840583333333,10.431123702522163,1.2246467991473532e-16,-1.0
2000-06-11,47.72174,51.15652,47.921738,74.40907,91.99255,97.89812,146.8,337.6522,41.60289866666666,10.032083380750992,1.2246467991473532e-16,-1.0
2000-06-21,32.46087,47.72174,51.15652,60.697144,74.40907,91.99255,131.33914,352.33914,43.09275366666666,7.022020602056512,1.2246467991473532e-16,-1.0
2000-07-01,29.513044,32.46087,47.72174,66.19303,60.697144,74.40907,109.695656,341.82608,41.39999983333333,8.967069544874276,-0.4999999999999997,-0.8660254037844388
2000-07-11,9.686956,29.513044,32.46087,32.920555,66.19303,60.697144,71.66087,321.27826,36.41014466666666,15.844368943204131,-0.4999999999999997,-0.8660254037844388
2000-07-21,5.7826085,9.686956,29.513044,41.868313,32.920555,66.19303,44.98261,303.53912,29.386956416666663,18.787220589755492,-0.4999999999999997,-0.8660254037844388
2000-08-01,26.4,5.7826085,9.686956,128.44438,41.868313,32.920555,41.869564,290.2696,25.260869749999998,15.476813304953136,-0.8660254037844384,-0.5000000000000004
2000-08-11,43.84348,26.4,5.7826085,336.37418,128.44438,41.868313,76.02609,294.48694,24.614493083333326,14.394267226411186,-0.8660254037844384,-0.5000000000000004
2000-08-21,8.652174,43.84348,26.4,81.50904,336.37418,128.44438,78.89565,255.21739,20.646377083333327,15.064720224349934,-0.8660254037844384,-0.5000000000000004
2000-09-01,7.443478,8.652174,43.84348,51.37564,81.50904,336.37418,59.93913,211.50435,16.968116083333328,15.160805488354095,-1.0,-1.8369701987210297e-16
2000-09-11,22.886957,7.443478,8.652174,118.26675,51.37564,81.50904,38.98261,186.66959,19.168116249999994,14.847407157589624,-1.0,-1.8369701987210297e-16
2000-09-21,28.634783,22.886957,7.443478,100.449265,118.26675,51.37564,58.965218,182.84349,22.976811999999995,13.606149185203382,-1.0,-1.8369701987210297e-16
2000-10-01,15.930435,28.634783,22.886957,61.055214,100.449265,118.26675,67.45218,169.26088,21.231884499999996,13.749916793284982,-0.8660254037844386,0.5000000000000001
2000-10-11,17.730434,15.930435,28.634783,61.01774,61.055214,100.449265,62.29565,177.30437,16.879710166666662,8.156328035253132,-0.8660254037844386,0.5000000000000001
2000-10-21,26.869566,17.730434,15.930435,75.172295,61.01774,61.055214,60.530434,198.39131,19.91594216666666,7.866652080056822,-0.8660254037844386,0.5000000000000001
2000-11-01,37.70435,26.869566,17.730434,101.06394,75.172295,61.01774,82.30435,209.69565,24.959420833333326,7.97077290145428,-0.5000000000000004,0.8660254037844384
2000-11-11,26.826086,37.70435,26.869566,126.95403,101.06394,75.172295,91.4,192.67825,25.615942333333326,7.9280427957597155,-0.5000000000000004,0.8660254037844384
2000-11-21,12.234782,26.826086,37.70435,79.19131,126.95403,101.06394,76.76521,196.26086,22.882608833333325,9.374270036854158,-0.5000000000000004,0.8660254037844384
2000-12-01,7.521739,12.234782,26.826086,54.72095,79.19131,126.95403,46.582607,196.33914,21.481159499999993,11.092555460700943,-2.4492935982947064e-16,1.0
2000-12-11,3.904348,7.521739,12.234782,55.421257,54.72095,79.19131,23.66087,177.35652,19.17681183333333,13.253227417958103,-2.4492935982947064e-16,1.0
2000-12-21,8.434783,3.904348,7.521739,103.28001,55.421257,54.72095,19.86087,157.15652,16.104347999999998,13.250001492114123,-2.4492935982947064e-16,1.0
2001-01-01,11.173913,8.434783,3.904348,126.49045,103.28001,55.421257,23.513042,152.40001,11.682608499999995,7.978109041109855,0.49999999999999994,0.8660254037844387
2001-01-11,3.9826088,11.173913,8.434783,95.34211,126.49045,103.28001,23.591305,138.65218,7.875362299999995,3.499870345647192,0.49999999999999994,0.8660254037844387
2001-01-21,3.0608695,3.9826088,11.173913,99.52759,95.34211,126.49045,18.217392,114.843475,6.3463768833333285,3.206040690818861,0.49999999999999994,0.8660254037844387
2001-02-01,2.7565217,3.0608695,3.9826088,65.073074,99.52759,95.34211,9.799999,79.89565,5.552173999999995,3.438444979015135,0.8660254037844386,0.5000000000000001
2001-02-11,2.826087,2.7565217,3.0608695,61.759453,65.073074,99.52759,8.643478,55.895657,5.372463833333328,3.567547188471229,0.8660254037844386,0.5000000000000001
2001-02-21,2.2347827,2.826087,2.7565217,37.983356,61.759453,65.073074,7.8173914,45.895657,4.3391304499999945,3.396985182161399,0.8660254037844386,0.5000000000000001
2001-03-01,9.086957,2.2347827,2.826087,83.73247,37.983356,61.759453,14.147827,47.46087,3.9913044499999955,2.5612203546186776,1.0,6.123233995736766e-17
2001-03-11,20.826086,9.086957,2.2347827,97.337685,83.73247,37.983356,32.147827,64.38261,6.798550649999996,7.333829223290773,1.0,6.123233995736766e-17
2001-03-21,35.113045,20.826086,9.086957,116.25894,97.337685,83.73247,65.02609,91.06087,12.140579899999997,13.307456002196282,1.0,6.123233995736766e-17
2001-04-01,23.086956,35.113045,20.826086,77.98793,116.25894,97.337685,79.02609,102.97391,15.528985616666661,13.025488611711852,0.8660254037844387,-0.4999999999999998
2001-04-11,65.973915,23.086956,35.113045,186.45346,77.98793,116.25894,124.17392,164.96521,26.05362361666666,22.658490703959444,0.8660254037844387,-0.4999999999999998
2001-04-21,40.269566,65.973915,23.086956,110.759674,186.45346,77.98793,129.33043,202.17392,32.39275416666666,19.802446229494972,0.8660254037844387,-0.4999999999999998
2001-05-01,41.6,40.269566,65.973915,119.62409,110.759674,186.45346,147.84348,241.0174,37.811594666666664,16.285665988440144,0.49999999999999994,-0.8660254037844387
2001-05-11,41.191303,41.6,40.269566,95.52869,119.62409,110.759674,123.06087,279.38263,41.205797499999996,13.999327340592654,0.49999999999999994,-0.8660254037844387
2001-05-21,45.008698,41.191303,41.6,92.509384,95.52869,119.62409,127.8,322.15656,42.855073,13.718058106616741,0.49999999999999994,-0.8660254037844387
2001-06-01,80.886955,45.008698,41.191303,140.69533,92.509384,95.52869,167.08694,393.95654,52.488406166666664,16.969175244653442,1.2246467991473532e-16,-1.0
2001-06-11,50.13913,80.886955,45.008698,77.82087,140.69533,92.509384,176.03479,423.26956,49.84927533333333,15.630960450973253,1.2246467991473532e-16,-1.0
2001-06-21,44.173912,50.13913,80.886955,79.67557,77.82087,140.69533,175.20001,432.33044,50.49999966666666,15.228479163762135,1.2246467991473532e-16,-1.0
2001-07-01,79.89565,44.173912,50.13913,162.82251,79.67557,77.82087,174.2087,489.13913,56.882608000000005,18.43909443458762,-0.4999999999999997,-0.8660254037844388
2001-07-11,14.008696,79.89565,44.173912,42.607655,162.82251,79.67557,138.07826,437.17392,52.3521735,25.17461926173336,-0.4999999999999997,-0.8660254037844388
2001-07-21,9.060869,14.008696,79.89565,54.597633,42.607655,162.82251,102.96522,405.96524,46.360868666666654,30.89868374582731,-0.4999999999999997,-0.8660254037844388
2001-08-01,9.495652,9.060869,14.008696,59.295708,54.597633,42.607655,32.565216,373.8609,34.46231816666666,28.604838137980998,-0.8660254037844384,-0.5000000000000004
2001-08-11,6.7130437,9.495652,9.060869,80.665115,59.295708,54.597633,25.269566,339.38266,27.224637116666667,29.329641889324012,-0.8660254037844384,-0.5000000000000004
2001-08-21,7.373913,6.7130437,9.495652,73.877304,80.665115,59.295708,23.58261,301.74786,21.09130395,28.921293682216813,-0.8660254037844384,-0.5000000000000004
2001-09-01,6.191304,7.373913,6.7130437,46.205765,73.877304,80.665115,20.27826,227.05217,8.80724628333333,2.8592512607000327,-1.0,-1.8369701987210297e-16
2001-09-11,30.634783,6.191304,7.373913,151.12476,46.205765,73.877304,44.2,207.54782,11.578260783333329,9.425409706386562,-1.0,-1.8369701987210297e-16
2001-09-21,24.434782,30.634783,6.191304,87.90609,151.12476,46.205765,61.26087,187.80869,14.140579616666662,10.618396773977757,-1.0,-1.8369701987210297e-16
2001-10-01,18.886957,24.434782,30.634783,69.67955,87.90609,151.12476,73.95652,126.799995,15.70579711666666,10.488136736477202,-0.8660254037844386,0.5000000000000001
2001-10-11,12.886956,18.886957,24.434782,48.01587,69.67955,87.90609,56.208694,125.67826,16.734782499999994,9.702870160200757,-0.8660254037844386,0.5000000000000001
2001-10-21,14.208695,12.886956,18.886957,45.30848,48.01587,69.67955,45.98261,130.8261,17.873912833333325,8.737253338346965,-0.8660254037844386,0.5000000000000001
2001-11-01,38.991302,14.208695,12.886956,104.109634,45.30848,48.01587,66.08695,160.32173,23.34057916666666,10.117826948075802,-0.5000000000000004,0.8660254037844384
2001-11-11,6.4173913,38.991302,14.208695,45.543888,104.109634,45.30848,59.61739,160.02608,19.304347216666663,11.377996120926753,-0.5000000000000004,0.8660254037844384
2001-11-21,30.026087,6.4173913,38.991302,160.93974,45.543888,104.109634,75.434784,182.67825,20.23623138333333,12.088985672537566,-0.5000000000000004,0.8660254037844384
2001-12-01,9.773913,30.026087,6.4173913,64.56312,160.93974,45.543888,46.217392,186.26086,18.71739071666666,12.841465459381853,-2.4492935982947064e-16,1.0
2001-12-11,8.252174,9.773913,30.026087,82.482414,64.56312,160.93974,48.052174,163.87827,17.944927049999993,13.390016930280957,-2.4492935982947064e-16,1.0
2001-12-21,2.0173912,8.252174,9.773913,53.94626,82.482414,64.56312,20.04348,141.46088,15.913043083333328,14.909181201955123,-2.4492935982947064e-16,1.0
2002-01-01,2.9826088,2.0173912,8.252174,62.42916,53.94626,82.482414,13.252174,125.5565,9.911594216666662,10.294699468165875,0.49999999999999994,0.8660254037844387
2002-01-11,13.356522,2.9826088,2.0173912,194.83754,62.42916,53.94626,18.356522,126.02608,11.068115999999996,10.213099463893085,0.49999999999999994,0.8660254037844387
2002-01-21,3.573913,13.356522,2.9826088,105.86215,194.83754,62.42916,19.913044,115.3913,6.659420333333329,4.509453017329797,0.49999999999999994,0.8660254037844387
2002-02-01,3.0521739,3.573913,13.356522,67.55344,105.86215,194.83754,19.982609,79.45218,5.539130483333328,4.414922394550604,0.8660254037844386,0.5000000000000001
2002-02-11,4.826087,3.0521739,3.573913,77.54243,67.55344,105.86215,11.452174,77.86087,4.968115983333329,4.210681162948772,0.8660254037844386,0.5000000000000001
2002-02-21,4.921739,4.826087,3.0521739,52.090157,77.54243,67.55344,12.799999,52.756523,5.452173949999995,3.9632986429766457,0.8660254037844386,0.5000000000000001
2002-03-01,15.8,4.921739,4.826087,123.6346,52.090157,77.54243,25.547825,58.782608,7.588405816666662,5.516094869907379,1.0,6.123233995736766e-17
2002-03-11,22.243479,15.8,4.921739,102.6798,123.6346,52.090157,42.965218,72.77391,9.069565316666662,8.005916786813039,1.0,6.123233995736766e-17
2002-03-21,10.313044,22.243479,15.8,44.38153,102.6798,123.6346,48.35652,81.069565,10.192753816666661,7.539870667297956,1.0,6.123233995736766e-17
2002-04-01,26.495651,10.313044,22.243479,87.45271,44.38153,102.6798,59.052174,104.58261,14.099999999999994,9.027130075487952,0.8660254037844387,-0.4999999999999998
2002-04-11,62.565216,26.495651,10.313044,177.49858,87.45271,44.38153,99.37391,153.79129,23.72318816666666,20.56542041217508,0.8660254037844387,-0.4999999999999998
2002-04-21,76.017395,62.565216,26.495651,198.22281,177.49858,87.45271,165.07826,226.23477,35.572464166666656,27.031241595099438,0.8660254037844387,-0.4999999999999998
2002-05-01,10.365217,76.017395,62.565216,39.443134,198.22281,177.49858,148.94783,233.54784,34.666667,27.903305432581387,0.49999999999999994,-0.8660254037844387
2002-05-11,58.434784,10.365217,76.017395,131.1901,39.443134,198.22281,144.8174,287.15652,40.69855116666666,28.58411550620892,0.49999999999999994,-0.8660254037844387
2002-05-21,30.382608,58.434784,10.365217,65.45308,131.1901,39.443134,99.18261,312.6174,44.04347849999999,25.303227860540353,0.49999999999999994,-0.8660254037844387
2002-06-01,61.50435,30.382608,58.434784,108.94381,65.45308,131.1901,150.32175,358.32172,49.87826166666665,24.470203582192692,1.2246467991473532e-16,-1.0
2002-06-11,107.208694,61.50435,30.382608,158.36626,108.94381,65.45308,199.09564,443.28693,57.318841333333324,34.02234743043026,1.2246467991473532e-16,-1.0
2002-06-21,73.304344,107.208694,61.50435,126.87505,158.36626,108.94381,242.0174,506.27823,56.866666166666654,33.740996533526435,1.2246467991473532e-16,-1.0
2002-07-01,62.86087,73.304344,107.208694,130.15128,126.87505,158.36626,243.3739,542.6435,65.61594166666666,24.925974443231997,-0.4999999999999997,-0.8660254037844388
2002-07-11,24.208696,62.86087,73.304344,65.47077,130.15128,126.87505,160.37392,504.287,59.91159366666667,30.24656827264479,-0.4999999999999997,-0.8660254037844388
2002-07-21,8.521739,24.208696,62.86087,52.50422,65.47077,130.15128,95.5913,436.7913,56.26811549999999,35.39373116983252,-0.4999999999999997,-0.8660254037844388
2002-08-01,9.504348,8.521739,24.208696,59.33128,52.50422,65.47077,42.234783,435.93045,47.601448500000004,39.930805472300726,-0.8660254037844384,-0.5000000000000004
2002-08-11,11.608696,9.504348,8.521739,114.38039,59.33128,52.50422,29.634783,389.10434,31.668115499999995,28.953666578964636,-0.8660254037844384,-0.5000000000000004
2002-08-21,7.8173914,11.608696,9.504348,76.52505,114.38039,59.33128,28.930435,366.53912,20.753623399999995,21.503947225630966,-0.8660254037844384,-0.5000000000000004
2002-09-01,16.2,7.8173914,11.608696,87.52888,76.52505,114.38039,35.626087,321.23477,12.976811733333328,6.276005147490126,-1.0,-1.8369701987210297e-16
2002-09-11,15.904347,16.2,7.8173914,88.65396,87.52888,76.52505,39.921738,229.93044,11.59275356666666,3.684093906569056,-1.0,-1.8369701987210297e-16
2002-09-21,8.495652,15.904347,16.2,40.30436,88.65396,87.52888,40.6,165.12173,11.58840573333333,3.6884558770775167,-1.0,-1.8369701987210297e-16
2002-10-01,18.017391,8.495652,15.904347,67.14298,40.30436,88.65396,42.41739,120.27826,13.007246233333328,4.311228097010099,-0.8660254037844386,0.5000000000000001
2002-10-11,11.608696,18.017391,8.495652,44.5845,67.14298,40.30436,38.12174,107.67826,13.007246233333328,4.311228097010099,-0.8660254037844386,0.5000000000000001
2002-10-21,35.417393,11.608696,18.017391,95.334465,44.5845,67.14298,65.04348,134.57391,17.607246499999995,9.394184463961844,-0.8660254037844386,0.5000000000000001
2002-11-01,64.61739,35.417393,11.608696,164.75624,95.334465,44.5845,111.64348,189.68695,25.676811499999996,21.253326714461366,-0.5000000000000004,0.8660254037844384
2002-11-11,25.460869,64.61739,35.417393,121.50818,164.75624,95.334465,125.49566,203.53915,27.269565166666663,20.726040941104262,-0.5000000000000004,0.8660254037844384
2002-11-21,4.8608694,25.460869,64.61739,45.309254,121.50818,164.75624,94.93913,200.58261,26.66376806666666,21.425833729761486,-0.5000000000000004,0.8660254037844384
2002-12-01,6.9652176,4.8608694,25.460869,52.288906,45.309254,121.50818,37.286957,191.34784,24.821739166666664,22.751907112921977,-2.4492935982947064e-16,1.0
2002-12-11,13.92174,6.9652176,4.8608694,117.77017,52.288906,45.309254,25.747826,189.36522,25.207246499999997,22.50146734353101,-2.4492935982947064e-16,1.0
2002-12-21,3.4086957,13.92174,6.9652176,64.641914,117.77017,52.288906,24.295652,184.27824,19.87246361666666,23.374132873819498,-2.4492935982947064e-16,1.0
2003-01-01,2.0695653,3.4086957,13.92174,55.28857,64.641914,117.77017,19.4,168.33041,9.447826166666662,8.883093984134712,0.49999999999999994,0.8660254037844387
2003-01-11,2.547826,2.0695653,3.4086957,80.113205,55.28857,64.641914,8.026087,159.26956,5.628985666666662,4.432561304393758,0.49999999999999994,0.8660254037844387
2003-01-21,4.5913043,2.547826,2.0695653,118.42388,80.113205,55.28857,9.208696,128.44348,5.584058149999996,4.443257087208228,0.49999999999999994,0.8660254037844387
2003-02-01,2.0521739,4.5913043,2.547826,59.16397,118.42388,80.113205,9.191304,65.87826,4.765217533333328,4.58816462021987,0.8660254037844386,0.5000000000000001
2003-02-11,9.939131,2.0521739,4.5913043,117.891945,59.16397,118.42388,16.58261,50.35652,4.101449366666661,3.017953634988127,0.8660254037844386,0.5000000000000001
2003-02-21,8.069565,9.939131,2.0521739,68.61656,117.891945,59.16397,20.06087,53.565216,4.878260916666662,3.3818822465081078,0.8660254037844386,0.5000000000000001
2003-03-01,20.556522,8.069565,9.939131,151.90724,68.61656,117.891945,38.565216,67.156525,7.959420366666662,6.90135458933053,1.0,6.123233995736766e-17
2003-03-11,30.460869,20.556522,8.069565,133.65088,151.90724,68.61656,59.086956,83.69565,12.611594199999994,10.81958395313107,1.0,6.123233995736766e-17
2003-03-21,20.973913,30.460869,20.556522,75.27975,133.65088,151.90724,71.9913,101.26087,15.342028983333327,10.451685659173139,1.0,6.123233995736766e-17
2003-04-01,18.208696,20.973913,30.460869,64.44266,75.27975,133.65088,69.64348,117.4,18.03478266666666,8.176559947124925,0.8660254037844387,-0.4999999999999998
2003-04-11,32.095654,18.208696,20.973913,97.45289,64.44266,75.27975,71.27826,146.94783,21.727536499999996,8.770753723000087,0.8660254037844387,-0.4999999999999998
2003-04-21,91.86087,32.095654,18.208696,236.98657,97.45289,64.44266,142.16522,234.21739,35.692754,28.094878849146735,0.8660254037844387,-0.4999999999999998
2003-05-01,33.84348,91.86087,32.095654,99.71279,236.98657,97.45289,157.8,266.0087,37.90724699999999,27.171681977485747,0.49999999999999994,-0.8660254037844387
2003-05-11,14.182609,33.84348,91.86087,39.67174,99.71279,236.98657,139.88695,270.2522,35.19420366666666,28.82619567535409,0.49999999999999994,-0.8660254037844387
2003-05-21,47.12174,14.182609,33.84348,96.41823,39.67174,99.71279,95.14783,309.30435,39.55217483333333,28.216469537383738,0.49999999999999994,-0.8660254037844387
2003-06-01,26.608696,47.12174,14.182609,51.779644,96.41823,39.67174,87.91304,315.35654,40.95217483333333,27.13328333014831,1.2246467991473532e-16,-1.0
2003-06-11,87.62608,26.608696,47.12174,130.72826,51.779644,96.41823,161.35652,372.52173,50.20724583333333,32.45659485625686,1.2246467991473532e-16,-1.0
2003-06-21,104.04348,87.62608,26.608696,176.6811,130.72826,51.779644,218.27826,455.59128,52.23768083333332,35.793106748676884,1.2246467991473532e-16,-1.0
2003-07-01,34.930435,104.04348,87.62608,76.583115,176.6811,130.72826,226.59999,472.31305,52.41883999999999,35.68397308537075,-0.4999999999999997,-0.8660254037844388
2003-07-11,3.026087,34.930435,104.04348,17.990332,76.583115,176.6811,142.0,443.2435,50.55941966666666,38.27171200708139,-0.4999999999999997,-0.8660254037844388
2003-07-21,30.530436,3.026087,34.930435,137.96286,17.990332,76.583115,68.48696,381.91302,47.794202333333324,39.158865365560516,-0.4999999999999997,-0.8660254037844388
2003-08-01,4.8347826,30.530436,3.026087,40.230022,137.96286,17.990332,38.391304,352.90436,44.16521676666665,42.39045300856558,-0.8660254037844384,-0.5000000000000004
2003-08-11,6.6434784,4.8347826,30.530436,80.18604,40.230022,137.96286,42.008698,345.36523,30.668116499999996,38.49871804301126,-0.8660254037844384,-0.5000000000000004
2003-08-21,8.66087,6.6434784,4.8347826,81.56096,80.18604,40.230022,20.13913,306.90433,14.77101483333333,14.10549067653464,-0.8660254037844384,-0.5000000000000004
2003-09-01,7.5478263,8.66087,6.6434784,51.80647,81.56096,80.18604,22.852175,287.84344,10.207246716666662,10.155084349474246,-1.0,-1.8369701987210297e-16
2003-09-11,15.791305,7.5478263,8.66087,88.17456,51.80647,81.56096,32.0,216.0087,12.334783049999997,9.67556590243846,-1.0,-1.8369701987210297e-16
2003-09-21,12.347826,15.791305,7.5478263,51.80876,88.17456,51.80647,35.68696,124.31306,9.304348049999994,4.047222350415216,-1.0,-1.8369701987210297e-16
2003-10-01,23.704348,12.347826,15.791305,83.73214,51.80876,88.17456,51.843475,113.08695,12.449275616666661,6.479808803030944,-0.8660254037844386,0.5000000000000001
2003-10-11,18.426086,23.704348,12.347826,62.885155,83.73214,51.80876,54.47826,128.48695,14.413043549999992,6.14518160318346,-0.8660254037844386,0.5000000000000001
2003-10-21,69.66956,18.426086,23.704348,176.12672,62.885155,83.73214,111.799995,167.62608,24.581158549999998,22.75376020969266,-0.8660254037844386,0.5000000000000001
2003-11-01,26.634783,69.66956,18.426086,74.866745,176.12672,62.885155,114.73043,189.42607,27.762317999999993,21.175610175698665,-0.5000000000000004,0.8660254037844384
2003-11-11,29.0,26.634783,69.66956,135.62576,74.866745,176.12672,125.304344,211.78261,29.963767166666667,20.35279226765808,-0.5000000000000004,0.8660254037844384
2003-11-21,25.713043,29.0,26.634783,141.12195,135.62576,74.866745,81.347824,228.83478,32.19130333333333,18.703777874873225,-0.5000000000000004,0.8660254037844384
2003-12-01,8.947826,25.713043,29.0,60.953056,141.12195,135.62576,63.66087,230.23477,29.731882999999996,20.885855842756804,-2.4492935982947064e-16,1.0
2003-12-11,6.156522,8.947826,25.713043,69.438934,60.953056,141.12195,40.81739,220.6,27.686955666666663,22.73315246553158,-2.4492935982947064e-16,1.0
2003-12-21,14.026087,6.156522,8.947826,146.2632,69.438934,60.953056,29.130436,222.27827,18.413043499999997,9.919966632745684,-2.4492935982947064e-16,1.0
2004-01-01,5.4086957,14.026087,6.156522,81.402725,146.2632,69.438934,25.591305,203.98262,14.87536228333333,10.18286424270607,0.49999999999999994,0.8660254037844387
2004-01-11,12.582608,5.4086957,14.026087,186.62317,81.402725,146.2632,32.01739,198.13914,12.139130283333328,7.473729445954386,0.49999999999999994,0.8660254037844387
2004-01-21,3.1391304,12.582608,5.4086957,100.49388,186.62317,81.402725,21.130434,131.6087,8.376811516666661,4.268531260395621,0.49999999999999994,0.8660254037844387
2004-02-01,3.2608695,3.1391304,12.582608,69.30429,100.49388,186.62317,18.982609,108.23479,7.428985433333328,4.72352315707483,0.8660254037844386,0.5000000000000001
2004-02-11,3.7130435,3.2608695,3.1391304,68.75886,69.30429,100.49388,10.113043,82.94782,7.021739016666661,4.954842449089956,0.8660254037844386,0.5000000000000001
2004-02-21,21.18261,3.7130435,3.2608695,137.4614,68.75886,69.30429,28.156523,78.41739,8.214492849999994,7.28952295517225,0.8660254037844386,0.5000000000000001
2004-03-01,14.695652,21.18261,3.7130435,117.07039,137.4614,68.75886,39.591305,84.16521,9.762318899999995,7.555713837411308,1.0,6.123233995736766e-17
2004-03-11,8.721739,14.695652,21.18261,51.716793,117.07039,137.4614,44.6,86.73044,9.118840733333329,7.4308606362801495,1.0,6.123233995736766e-17
2004-03-21,27.208696,8.721739,14.695652,93.34991,51.716793,117.07039,50.626087,99.91304,13.130434999999997,9.705844069583469,1.0,6.123233995736766e-17
2004-04-01,21.18261,27.208696,8.721739,72.7002,93.34991,51.716793,57.113045,115.68696,16.117391749999996,8.773993171059024,0.8660254037844387,-0.4999999999999998
2004-04-11,33.286957,21.18261,27.208696,100.58253,72.7002,93.34991,81.67826,136.3913,21.04637733333333,8.718618043146867,0.8660254037844387,-0.4999999999999998
2004-04-21,16.58261,33.286957,21.18261,52.80552,100.58253,72.7002,71.05218,149.83478,20.279710666666663,8.904510045043816,0.8660254037844387,-0.4999999999999998
2004-05-01,25.686956,16.58261,33.286957,78.77466,52.80552,100.58253,75.556526,172.26086,22.11159466666666,8.653014418996118,0.49999999999999994,-0.8660254037844387
2004-05-11,17.713043,25.686956,16.58261,46.97307,78.77466,52.80552,59.98261,186.26086,23.61014533333333,6.339690687463237,0.49999999999999994,-0.8660254037844387
2004-05-21,77.18261,17.713043,25.686956,152.02681,46.97307,78.77466,120.58261,242.26086,31.939130999999993,22.98602088318455,0.49999999999999994,-0.8660254037844387
2004-06-01,54.426086,77.18261,17.713043,97.34858,152.02681,46.97307,149.32175,281.9913,37.47971033333333,23.8644424416989,1.2246467991473532e-16,-1.0
2004-06-11,60.86087,54.426086,77.18261,92.95304,97.34858,152.02681,192.46957,334.13043,42.0753625,25.494852025802576,1.2246467991473532e-16,-1.0
2004-06-21,20.460869,60.86087,54.426086,41.253765,92.95304,97.34858,135.74783,327.38263,42.72173899999999,24.757772447635993,1.2246467991473532e-16,-1.0
2004-07-01,10.678261,20.460869,60.86087,30.069546,41.253765,92.95304,92.0,316.87827,40.220289833333325,27.43644891644512,-0.4999999999999997,-0.8660254037844388
2004-07-11,25.643478,10.678261,20.460869,68.68681,30.069546,41.253765,56.782608,309.2348,41.54202899999999,26.302923648838437,-0.4999999999999997,-0.8660254037844388
2004-07-21,7.4695654,25.643478,10.678261,48.418682,68.68681,30.069546,43.791306,300.12173,29.92318823333333,22.538482466980618,-0.4999999999999997,-0.8660254037844388
2004-08-01,7.7652173,7.4695654,25.643478,52.217216,48.418682,68.68681,40.87826,282.2,22.146376783333327,20.33532325052931,-0.8660254037844384,-0.5000000000000004
2004-08-11,6.156522,7.7652173,7.4695654,76.83248,52.217216,48.418682,21.391304,270.6435,13.028985449999993,8.071299537689148,-0.8660254037844384,-0.5000000000000004
2004-08-21,7.2347827,6.156522,7.7652173,73.046646,76.83248,52.217216,21.156523,200.69565,10.824637733333327,7.415043902864133,-0.8660254037844384,-0.5000000000000004
2004-09-01,15.191304,7.2347827,6.156522,83.36425,73.046646,76.83248,28.582607,161.46088,11.576811566666661,7.6232032071838045,-1.0,-1.8369701987210297e-16
2004-09-11,25.67826,15.191304,7.2347827,130.10448,83.36425,73.046646,48.104347,126.27827,11.582608566666662,7.636041872987937,-1.0,-1.8369701987210297e-16
2004-09-21,54.15652,25.67826,15.191304,176.66917,130.10448,83.36425,95.026085,159.9739,19.363767666666664,18.56818712979536,-1.0,-1.8369701987210297e-16
2004-10-01,66.48695,54.15652,25.67826,208.53133,176.66917,130.10448,146.32173,215.78261,29.150723116666665,25.437172905675855,-0.8660254037844386,0.5000000000000001
2004-10-11,43.034782,66.48695,54.15652,128.94492,208.53133,176.66917,163.67825,233.17392,35.29709978333333,23.119753270643397,-0.8660254037844386,0.5000000000000001
2004-10-21,36.286957,43.034782,66.48695,97.38555,128.94492,208.53133,145.80869,261.9913,40.139128833333324,18.683841477462323,-0.8660254037844386,0.5000000000000001
2004-11-01,29.452173,36.286957,43.034782,81.53437,97.38555,128.94492,108.77391,283.67825,42.515940333333326,15.513551014544971,-0.5000000000000004,0.8660254037844384
2004-11-11,13.965218,29.452173,36.286957,75.652115,81.53437,97.38555,79.704346,291.48694,40.56376666666666,18.504711292009212,-0.5000000000000004,0.8660254037844384
2004-11-21,12.808696,13.965218,29.452173,81.82836,75.652115,81.53437,56.226086,297.06085,33.67246266666666,20.06370992419593,-0.5000000000000004,0.8660254037844384
2004-12-01,18.52174,12.808696,13.965218,102.79179,81.82836,75.652115,45.295654,300.39127,25.678260999999996,12.506578558983549,-2.4492935982947064e-16,1.0
2004-12-11,4.0695653,18.52174,12.808696,56.449574,102.79179,81.82836,35.4,278.7826,19.184058216666664,11.787378216936718,-2.4492935982947064e-16,1.0
2004-12-21,4.2173915,4.0695653,18.52174,70.85878,56.449574,102.79179,26.808697,228.84348,13.839130633333328,9.537231115307451,-2.4492935982947064e-16,1.0
2005-01-01,13.486957,4.2173915,4.0695653,144.57996,70.85878,56.449574,21.773914,175.84348,11.178261299999996,5.808088625429014,0.49999999999999994,0.8660254037844387
2005-01-11,3.3652174,13.486957,4.2173915,88.78906,144.57996,70.85878,21.069565,136.1739,9.411594533333329,6.375254127533683,0.49999999999999994,0.8660254037844387
2005-01-21,1.1478261,3.3652174,13.486957,75.907234,88.78906,144.57996,18.0,101.03478,7.468116216666662,6.889212560140447,0.49999999999999994,0.8660254037844387
2005-02-01,2.973913,1.1478261,3.3652174,66.89687,75.907234,88.78906,7.4869566,74.556526,4.876811716666662,4.359641229112542,0.8660254037844386,0.5000000000000001
2005-02-11,12.869565,2.973913,1.1478261,141.01741,66.89687,75.907234,16.991304,73.46088,6.343478333333327,5.39181139724372,0.8660254037844386,0.5000000000000001
2005-02-21,12.043478,12.869565,2.973913,89.48002,141.01741,66.89687,27.886955,72.695656,7.647826083333328,5.71174164991348,0.8660254037844386,0.5000000000000001
2005-03-01,9.486957,12.043478,12.869565,86.110054,89.48002,141.01741,34.4,63.66087,6.981159416666661,5.093922837593485,1.0,6.123233995736766e-17
2005-03-11,49.582607,9.486957,12.043478,205.7201,86.110054,89.48002,71.11304,109.17391,14.684057683333329,17.751285579724534,1.0,6.123233995736766e-17
2005-03-21,52.86087,49.582607,9.486957,167.69717,205.7201,86.110054,111.930435,157.81738,23.302898333333328,21.92748798630833,1.0,6.123233995736766e-17
2005-04-01,46.97391,52.86087,49.582607,144.31389,167.69717,205.7201,149.41739,191.30435,30.636231166666665,21.111400583203352,0.8660254037844387,-0.4999999999999998
2005-04-11,4.7565217,46.97391,52.86087,25.631067,144.31389,167.69717,104.5913,192.69563,29.284057283333325,22.678584008086048,0.8660254037844387,-0.4999999999999998
2005-04-21,27.626087,4.7565217,46.97391,79.82526,25.631067,144.31389,79.35652,219.17389,31.88115878333333,21.1500947387324,0.8660254037844387,-0.4999999999999998
2005-05-01,40.16522,27.626087,4.7565217,115.94095,79.82526,25.631067,72.54783,256.3652,36.99420261666666,18.14882161775843,0.49999999999999994,-0.8660254037844387
2005-05-11,40.226086,40.16522,27.626087,93.53251,115.94095,79.82526,108.017395,283.7217,35.43478244999999,17.229538753628777,0.49999999999999994,-0.8660254037844387
2005-05-21,41.04348,40.226086,40.16522,85.17426,93.53251,115.94095,121.434784,312.72174,33.46521745,15.419460895152866,0.49999999999999994,-0.8660254037844387
2005-06-01,69.46957,41.04348,40.226086,121.99199,85.17426,93.53251,150.73914,372.70435,37.214494116666664,21.063167124061565,1.2246467991473532e-16,-1.0
2005-06-11,53.04348,69.46957,41.04348,81.91994,121.99199,85.17426,163.55652,376.16525,45.262320499999994,14.329806769086238,1.2246467991473532e-16,-1.0
2005-06-21,56.782608,53.04348,69.46957,100.1052,81.91994,121.99199,179.29565,380.08698,50.12174066666666,11.888762055619072,1.2246467991473532e-16,-1.0
2005-07-01,12.669565,56.782608,53.04348,33.888695,100.1052,81.91994,122.49565,345.7826,45.5391315,19.41259711532816,-0.4999999999999997,-0.8660254037844388
2005-07-11,7.9304347,12.669565,56.782608,28.983343,33.888695,100.1052,77.38261,348.95654,40.15652295,24.88612226725691,-0.4999999999999997,-0.8660254037844388
2005-07-21,15.46087,7.9304347,12.669565,79.4485,28.983343,33.888695,36.06087,336.79132,35.892754616666664,26.820162814273093,-0.4999999999999997,-0.8660254037844388
2005-08-01,11.747826,15.46087,7.9304347,68.508415,79.4485,28.983343,35.13913,308.37393,26.27246395,22.346725748848076,-0.8660254037844384,-0.5000000000000004
2005-08-11,5.2,11.747826,15.46087,70.245125,68.508415,79.4485,32.408695,273.34784,18.298550616666663,19.197616685207457,-0.8660254037844384,-0.5000000000000004
2005-08-21,7.973913,5.2,11.747826,77.45955,70.245125,68.508415,24.92174,240.27827,10.163768116666661,3.775441252588671,-0.8660254037844384,-0.5000000000000004
2005-09-01,44.095654,7.973913,5.2,202.70224,77.45955,70.245125,57.269566,214.90436,15.401449616666662,14.50354301448524,-1.0,-1.8369701987210297e-16
2005-09-11,7.0434785,44.095654,7.973913,51.075596,202.70224,77.45955,59.113045,168.90434,15.25362358333333,14.599125329623758,-1.0,-1.8369701987210297e-16
2005-09-21,5.5913043,7.0434785,44.095654,31.630615,51.075596,202.70224,56.73044,117.71304,13.60869596666666,15.117903582320725,-1.0,-1.8369701987210297e-16
2005-10-01,36.13913,5.5913043,7.0434785,120.00507,31.630615,51.075596,48.77391,141.1826,17.6739133,17.594071231615874,-0.8660254037844386,0.5000000000000001
2005-10-11,45.739132,36.13913,5.5913043,136.20448,120.00507,31.630615,87.46957,178.9913,24.4304353,19.523888767148165,-0.8660254037844386,0.5000000000000001
2005-10-21,44.826088,45.739132,36.13913,117.527214,136.20448,120.00507,126.70435,208.35654,30.572464466666663,19.103557533105626,-0.8660254037844386,0.5000000000000001
2005-11-01,30.652174,44.826088,45.739132,84.3743,117.527214,136.20448,121.21739,227.26088,28.33188446666666,17.95404165161835,-0.5000000000000004,0.8660254037844384
2005-11-11,44.27826,30.652174,44.826088,196.57062,84.3743,117.527214,119.75652,266.3391,34.53768138333333,15.373725833143087,-0.5000000000000004,0.8660254037844384
2005-11-21,13.234782,44.27826,30.652174,83.78616,196.57062,84.3743,88.165215,271.6,35.811594333333325,12.553412927360329,-0.5000000000000004,0.8660254037844384
2005-12-01,14.034782,13.234782,44.27826,83.18344,83.78616,196.57062,71.54782,241.53915,32.12753633333333,15.3663883611484,-2.4492935982947064e-16,1.0
2005-12-11,18.286957,14.034782,13.234782,144.93958,83.18344,83.78616,45.556522,252.78262,27.552173833333327,14.569227185950705,-2.4492935982947064e-16,1.0
2005-12-21,7.852174,18.286957,14.034782,98.80119,144.93958,83.18344,40.173912,255.04349,21.38985483333333,13.588000103242782,-2.4492935982947064e-16,1.0
2006-01-01,7.191304,7.852174,18.286957,95.34388,98.80119,144.93958,33.330433,226.09566,17.479709833333327,13.764022812564876,0.49999999999999994,0.8660254037844387
2006-01-11,8.982609,7.191304,7.852174,148.4125,95.34388,98.80119,24.026087,189.33913,11.597101333333327,4.327806716453165,0.49999999999999994,0.8660254037844387
2006-01-21,4.9913044,8.982609,7.191304,123.36267,148.4125,95.34388,21.165216,149.50433,10.223188399999996,4.96544639570432,0.49999999999999994,0.8660254037844387
2006-02-01,3.9391305,4.9913044,8.982609,74.99454,123.36267,148.4125,17.913044,122.791306,8.540579816666662,5.123522179005681,0.8660254037844386,0.5000000000000001
2006-02-11,7.478261,3.9391305,4.9913044,98.47202,74.99454,123.36267,16.408695,85.99131,6.739130483333327,1.893025750424833,0.8660254037844386,0.5000000000000001
2006-02-21,15.634783,7.478261,3.9391305,108.33473,98.47202,74.99454,27.052174,88.391304,8.036231983333328,4.140450856569307,0.8660254037844386,0.5000000000000001
2006-03-01,5.5913043,15.634783,7.478261,62.954414,108.33473,98.47202,28.70435,79.947815,7.769565366666662,4.2556731089539985,1.0,6.123233995736766e-17
2006-03-11,13.408695,5.5913043,15.634783,69.38178,62.954414,108.33473,34.63478,75.069565,8.507246366666662,4.850093538685045,1.0,6.123233995736766e-17
2006-03-21,22.617392,13.408695,5.5913043,80.043015,69.38178,62.954414,41.617393,89.834785,11.444927633333329,7.107342276881457,1.0,6.123233995736766e-17
2006-04-01,33.6,22.617392,13.408695,107.17907,80.043015,69.38178,69.62608,116.24348,16.38840588333333,10.39667205330507,0.8660254037844387,-0.4999999999999998
2006-04-11,21.904348,33.6,22.617392,70.67962,107.17907,80.043015,78.12174,129.16522,18.792753716666663,9.55827969344243,0.8660254037844387,-0.4999999999999998
2006-04-21,7.7217393,21.904348,33.6,31.125895,70.67962,107.17907,63.22609,131.89565,17.473913099999994,10.57319337971333,0.8660254037844387,-0.4999999999999998
2006-05-01,46.782608,7.7217393,21.904348,132.92805,31.125895,70.67962,76.40869,174.73914,24.33913038333333,14.099489678617743,0.49999999999999994,-0.8660254037844387
2006-05-11,48.36522,46.782608,7.7217393,110.36513,132.92805,31.125895,102.86957,215.62608,30.16521788333333,15.799347057648761,0.49999999999999994,-0.8660254037844387
2006-05-21,85.75652,48.36522,46.782608,167.8874,110.36513,132.92805,180.90436,285.74783,40.688405883333324,26.89645002077967,0.49999999999999994,-0.8660254037844387
2006-06-01,55.173912,85.75652,48.36522,98.57362,167.8874,110.36513,189.29565,335.33044,44.28405788333333,27.199658925287945,1.2246467991473532e-16,-1.0
2006-06-11,85.521736,55.173912,85.75652,127.75828,98.57362,167.8874,226.45218,407.44348,54.886955883333336,29.066383449824617,1.2246467991473532e-16,-1.0
2006-06-21,56.35652,85.521736,55.173912,99.41482,127.75828,98.57362,197.05217,441.18262,62.99275266666667,17.931266261172173,1.2246467991473532e-16,-1.0
2006-07-01,14.269566,56.35652,85.521736,36.957355,99.41482,127.75828,156.14783,421.85214,57.57391233333333,26.61822193211592,-0.4999999999999997,-0.8660254037844388
2006-07-11,8.695652,14.269566,56.35652,30.698563,36.957355,99.41482,79.32173,408.6435,50.96231766666667,33.420514384557976,-0.4999999999999997,-0.8660254037844388
2006-07-21,10.834783,8.695652,14.269566,61.48565,30.698563,36.957355,33.8,411.75653,38.4753615,31.776381119329212,-0.4999999999999997,-0.8660254037844388
2006-08-01,48.63478,10.834783,8.695652,219.39766,61.48565,30.698563,68.165215,413.60864,37.385506166666666,31.1959531759356,-0.8660254037844384,-0.5000000000000004
2006-08-11,9.695652,48.63478,10.834783,101.20568,219.39766,61.48565,69.165215,374.93912,24.747825499999994,21.713143660851028,-0.8660254037844384,-0.5000000000000004
2006-08-21,8.617392,9.695652,48.63478,81.30138,101.20568,219.39766,66.94782,297.8,16.791304166666663,15.738786260195814,-0.8660254037844384,-0.5000000000000004
2006-09-01,7.8347826,8.617392,9.695652,52.99123,81.30138,101.20568,26.147827,250.46085,15.718840266666662,16.158626222626513,-1.0,-1.8369701987210297e-16
2006-09-11,67.695656,7.8347826,8.617392,308.2975,52.99123,81.30138,84.14783,232.63477,25.552174266666658,25.990780911805114,-1.0,-1.8369701987210297e-16
2006-09-21,25.147825,67.695656,7.8347826,90.035576,308.2975,52.99123,100.67827,201.42609,27.93768126666666,25.00808466387727,-1.0,-1.8369701987210297e-16
2006-10-01,15.947826,25.147825,67.695656,61.10595,90.035576,308.2975,108.791306,203.10435,22.489855599999995,23.083913875901484,-0.8660254037844386,0.5000000000000001
2006-10-11,15.243478,15.947826,25.147825,54.341732,61.10595,90.035576,56.339127,209.65219,23.414493266666664,22.57442806728888,-0.8660254037844386,0.5000000000000001
2006-10-21,66.68696,15.243478,15.947826,169.0915,54.341732,61.10595,97.878265,265.50436,33.0927546,26.979858151960972,-0.8660254037844386,0.5000000000000001
2006-11-01,36.93913,66.68696,15.243478,99.252975,169.0915,54.341732,118.86957,253.8087,37.94347916666666,23.98005842667874,-0.5000000000000004,0.8660254037844384
2006-11-11,4.4521737,36.93913,66.68696,37.70465,99.252975,169.0915,108.078255,248.56523,27.40289878333333,22.113654231579233,-0.5000000000000004,0.8660254037844384
2006-11-21,10.017391,4.4521737,36.93913,69.002716,37.70465,99.252975,51.408695,249.96526,24.881159783333327,23.255468324592186,-0.5000000000000004,0.8660254037844384
2006-12-01,3.3043478,10.017391,4.4521737,36.29063,69.002716,37.70465,17.773912,245.4348,22.773913416666662,24.75154732278872,-2.4492935982947064e-16,1.0
2006-12-11,2.5391304,3.3043478,10.017391,46.92405,36.29063,69.002716,15.860869,180.27826,20.656522149999997,26.034724449747134,-2.4492935982947064e-16,1.0
2006-12-21,8.8,2.5391304,3.3043478,106.087616,46.92405,36.29063,14.643478,163.93045,11.008695483333328,13.056239415404223,-2.4492935982947064e-16,1.0
2007-01-01,1.7478261,8.8,2.5391304,52.77236,106.087616,46.92405,13.086956,149.73044,5.143478166666662,3.443793281933211,0.49999999999999994,0.8660254037844387
2007-01-11,1.6434783,1.7478261,8.8,70.5144,52.77236,106.087616,12.191305,136.13043,4.675362266666662,3.735126853788998,0.49999999999999994,0.8660254037844387
2007-01-21,1.1652174,1.6434783,1.7478261,76.12197,70.5144,52.77236,4.556522,70.608696,3.1999999999999953,2.8453311286837657,0.49999999999999994,0.8660254037844387
2007-02-01,2.1130435,1.1652174,1.6434783,59.674637,76.12197,70.5144,4.9217396,35.78261,3.001449283333329,2.877971431626056,0.8660254037844386,0.5000000000000001
2007-02-11,15.330435,2.1130435,1.1652174,160.43735,59.674637,76.12197,18.608696,46.66087,5.133333383333329,5.760801488736862,0.8660254037844386,0.5000000000000001
2007-02-21,5.321739,15.330435,2.1130435,54.190193,160.43735,59.674637,22.765217,41.965218,4.5536232166666615,5.486507783604399,0.8660254037844386,0.5000000000000001
2007-03-01,19.652174,5.321739,15.330435,146.53181,54.190193,160.43735,40.304348,58.31304,7.537681199999994,7.964608770145389,1.0,6.123233995736766e-17
2007-03-11,5.5130434,19.652174,5.321739,39.62332,146.53181,54.190193,30.486958,61.28696,8.182608716666662,7.537067144343099,1.0,6.123233995736766e-17
2007-03-21,10.347826,5.5130434,19.652174,44.48234,39.62332,146.53181,35.513046,62.834785,9.713043483333328,6.714579766960317,1.0,6.123233995736766e-17
2007-04-01,42.886955,10.347826,5.5130434,132.96579,44.48234,39.62332,58.747826,103.973915,16.508695399999993,14.078998565014132,0.8660254037844387,-0.4999999999999998
2007-04-11,70.27826,42.886955,10.347826,197.76129,132.96579,44.48234,123.51304,172.6087,25.66666623333333,25.990991531554176,0.8660254037844387,-0.4999999999999998
2007-04-21,10.521739,70.27826,42.886955,37.97657,197.76129,132.96579,123.68695,181.96523,26.533332899999994,25.253135623416238,0.8660254037844387,-0.4999999999999998
2007-05-01,15.695652,10.521739,70.27826,53.12658,37.97657,197.76129,96.49565,195.54782,25.87391256666666,25.51901354872624,0.49999999999999994,-0.8660254037844387
2007-05-11,21.226088,15.695652,10.521739,54.238426,53.12658,37.97657,47.44348,201.44348,28.49275333333333,23.757051924486866,0.49999999999999994,-0.8660254037844387
2007-05-21,57.53913,21.226088,15.695652,115.689,54.238426,53.12658,94.46087,253.66086,36.35797066666667,24.352705508999804,0.49999999999999994,-0.8660254037844387
2007-06-01,62.64348,57.53913,21.226088,110.80986,115.689,54.238426,141.40869,296.65216,39.65072483333333,26.640263934561844,1.2246467991473532e-16,-1.0
2007-06-11,112.26956,62.64348,57.53913,165.50894,110.80986,115.689,232.45218,403.40866,46.64927483333332,38.96174896094547,1.2246467991473532e-16,-1.0
2007-06-21,20.713043,112.26956,62.64348,41.66236,165.50894,110.80986,195.62608,413.77393,48.34782549999999,37.25659200892884,1.2246467991473532e-16,-1.0
2007-07-01,38.913044,20.713043,112.26956,84.22141,41.66236,165.50894,171.89565,409.8,52.217390833333326,34.27324814797666,-0.4999999999999997,-0.8660254037844388
2007-07-11,38.0,38.913044,20.713043,96.383736,84.22141,41.66236,97.62608,377.52176,55.01304283333332,31.83726440268911,-0.4999999999999997,-0.8660254037844388
2007-07-21,39.965218,38.0,38.913044,174.59763,96.383736,84.22141,116.87826,406.9652,52.08405749999999,32.36244492796388,-0.4999999999999997,-0.8660254037844388
2007-08-01,75.6,39.965218,38.0,329.7012,174.59763,96.383736,153.56522,466.86957,54.24347749999999,33.615944991295045,-0.8660254037844384,-0.5000000000000004
2007-08-11,8.469565,75.6,39.965218,92.761894,329.7012,174.59763,124.03478,454.11307,36.943478333333324,22.72726898045488,-0.8660254037844384,-0.5000000000000004
2007-08-21,26.634783,8.469565,75.6,188.87256,92.761894,329.7012,110.704346,423.2087,37.930434999999996,21.99837014028284,-0.8660254037844384,-0.5000000000000004
2007-09-01,38.84348,26.634783,8.469565,181.01747,188.87256,92.761894,73.94783,399.40872,37.91884099999999,21.997767015515763,-1.0,-1.8369701987210297e-16
2007-09-11,74.62608,38.84348,26.634783,337.689,181.01747,188.87256,140.10434,361.7652,44.023187666666665,26.62083878168881,-1.0,-1.8369701987210297e-16
2007-09-21,62.18261,74.62608,38.84348,200.63884,337.689,181.01747,175.65216,403.2348,47.72608633333332,27.474985123397246,-1.0,-1.8369701987210297e-16
2007-10-01,29.191305,62.18261,74.62608,99.7379,200.63884,337.689,165.99998,393.51303,39.991303833333326,24.42128551775424,-0.8660254037844386,0.5000000000000001
2007-10-11,61.452175,29.191305,62.18261,178.3847,99.7379,200.63884,152.8261,416.96524,48.821738833333335,19.90520238590101,-0.8660254037844386,0.5000000000000001
2007-10-21,34.791306,61.452175,29.191305,93.85768,178.3847,99.7379,125.434784,411.79132,50.18115933333332,18.300761196648992,-0.8660254037844386,0.5000000000000001
2007-11-01,39.347828,34.791306,61.452175,104.953384,93.85768,178.3847,135.59131,375.53912,50.26521733333332,18.23932565920117,-0.5000000000000004,0.8660254037844384
2007-11-11,15.426087,39.347828,34.791306,81.479515,104.953384,93.85768,89.565216,382.49567,40.39855183333332,18.436766779983042,-0.5000000000000004,0.8660254037844384
2007-11-21,13.634783,15.426087,39.347828,85.62411,81.479515,104.953384,68.4087,369.49564,32.30724733333333,17.598356328830857,-0.5000000000000004,0.8660254037844384
2007-12-01,13.791305,13.634783,15.426087,82.11943,85.62411,81.479515,42.852177,344.44348,29.74058066666666,19.19434856713042,-2.4492935982947064e-16,1.0
2007-12-11,12.973913,13.791305,13.634783,111.870834,82.11943,85.62411,40.4,282.7913,21.66087033333333,12.049238147215956,-2.4492935982947064e-16,1.0
2007-12-21,3.1478262,12.973913,13.791305,62.636482,111.870834,82.11943,29.913044,223.75652,16.386957033333328,12.077749732068469,-2.4492935982947064e-16,1.0
2008-01-01,3.0086956,3.1478262,12.973913,62.633175,62.636482,111.870834,19.130434,197.57391,10.330434966666662,5.675345260316439,0.49999999999999994,0.8660254037844387
2008-01-11,3.078261,3.0086956,3.1478262,85.743286,62.633175,62.636482,9.234783,139.2,8.272463966666662,5.696746596012863,0.49999999999999994,0.8660254037844387
2008-01-21,3.9304347,3.078261,3.0086956,110.26412,85.743286,62.633175,10.017391,108.33914,6.655072583333329,5.228147517275648,0.49999999999999994,0.8660254037844387
2008-02-01,2.1304348,3.9304347,3.078261,59.820538,110.26412,85.743286,9.139131,71.12174,4.711594216666661,4.087823805093725,0.8660254037844386,0.5000000000000001
2008-02-11,6.6869564,2.1304348,3.9304347,92.227455,59.820538,110.26412,12.747826,62.382614,3.663768116666662,1.587452309225634,0.8660254037844386,0.5000000000000001
2008-02-21,2.026087,6.6869564,2.1304348,36.88768,92.227455,59.820538,10.843478,50.773914,3.4768115833333284,1.720820215868349,0.8660254037844386,0.5000000000000001
2008-03-01,4.2434783,2.026087,6.6869564,54.94297,36.88768,92.227455,12.956522,41.226086,3.6826086999999954,1.7274629743023846,1.0,6.123233995736766e-17
2008-03-11,16.66087,4.2434783,2.026087,81.63912,54.94297,36.88768,22.930435,44.913044,5.946376866666661,5.518021275639093,1.0,6.123233995736766e-17
2008-03-21,16.886957,16.66087,4.2434783,63.43459,81.63912,54.94297,37.791306,58.652176,8.105797249999995,6.926708980097792,1.0,6.123233995736766e-17
2008-04-01,34.147827,16.886957,16.66087,108.7002,63.43459,81.63912,67.695656,89.791306,13.442029283333328,11.929179432671893,0.8660254037844387,-0.4999999999999998
2008-04-11,43.67826,34.147827,16.886957,127.88122,108.7002,63.43459,94.71304,130.3913,19.607246549999996,16.444244125562765,0.8660254037844387,-0.4999999999999998
2008-04-21,26.017391,43.67826,34.147827,75.88931,127.88122,108.7002,103.843475,152.47826,23.605797216666662,14.05793840112718,0.8660254037844387,-0.4999999999999998
2008-05-01,90.017395,26.017391,43.67826,243.91351,75.88931,127.88122,159.71304,240.36522,37.90144999999999,27.559154398290953,0.49999999999999994,-0.8660254037844387
2008-05-11,37.304348,90.017395,26.017391,87.490036,243.91351,75.88931,153.33914,270.9826,41.342029666666654,25.595717286882657,0.49999999999999994,-0.8660254037844387
2008-05-21,73.33044,37.304348,90.017395,144.90082,87.490036,243.91351,200.65219,342.28696,50.74927683333332,25.179093463202047,0.49999999999999994,-0.8660254037844387
2008-06-01,105.58261,73.33044,37.304348,181.1504,144.90082,87.490036,216.21739,443.6261,62.65507399999999,31.782171073412982,1.2246467991473532e-16,-1.0
2008-06-11,57.0,105.58261,73.33044,87.50399,181.1504,144.90082,235.91306,483.96524,64.875364,30.63597315884946,1.2246467991473532e-16,-1.0
2008-06-21,81.46957,57.0,105.58261,140.10501,87.50399,181.1504,244.05219,548.54785,74.11739383333332,24.27240890974392,1.2246467991473532e-16,-1.0
2008-07-01,55.18261,81.46957,57.0,115.425026,140.10501,87.50399,193.65219,569.58264,68.31159633333333,23.871411627543562,-0.4999999999999997,-0.8660254037844388
2008-07-11,15.782609,55.18261,81.46957,46.58385,115.425026,140.10501,152.43478,541.68695,64.72463983333333,30.231999553192807,-0.4999999999999997,-0.8660254037844388
2008-07-21,32.921738,15.782609,55.18261,147.24815,46.58385,115.425026,103.886955,548.5914,57.98985616666666,32.357657168628556,-0.4999999999999997,-0.8660254037844388
2008-08-01,90.478264,32.921738,15.782609,390.56204,147.24815,46.58385,139.18262,549.05225,55.472465166666666,28.240016886099557,-0.8660254037844384,-0.5000000000000004
2008-08-11,10.695652,90.478264,32.921738,108.09245,390.56204,147.24815,134.09566,522.44354,47.755073833333334,33.564188145643044,-0.8660254037844384,-0.5000000000000004
2008-08-21,10.904347,10.695652,90.478264,94.95544,108.09245,390.56204,112.07827,460.01743,35.994203333333324,31.69912931374232,-0.8660254037844384,-0.5000000000000004
2008-09-01,37.95652,10.904347,10.695652,177.35545,94.95544,108.09245,59.55652,392.39133,33.123188333333324,30.36568250430193,-1.0,-1.8369701987210297e-16
2008-09-11,6.5130434,37.95652,10.904347,48.82606,177.35545,94.95544,55.37391,341.90433,31.578260733333323,31.63370570699004,-1.0,-1.8369701987210297e-16
2008-09-21,27.669565,6.5130434,37.95652,97.56667,48.82606,177.35545,72.13913,288.1043,30.70289856666666,31.661750114025637,-1.0,-1.8369701987210297e-16
2008-10-01,39.991302,27.669565,6.5130434,131.24207,97.56667,48.82606,74.17391,272.91306,22.288404899999993,14.837048258117903,-0.8660254037844386,0.5000000000000001
2008-10-11,32.86087,39.991302,27.669565,101.63399,131.24207,97.56667,100.521736,289.9913,25.982607899999994,14.11518535994196,-0.8660254037844386,0.5000000000000001
2008-10-21,22.269566,32.86087,39.991302,64.32205,101.63399,131.24207,95.121735,279.33914,27.87681106666666,12.337722506934767,-0.8660254037844386,0.5000000000000001
2008-11-01,19.460869,22.269566,32.86087,57.888992,64.32205,101.63399,74.59131,208.32175,24.794202566666666,11.604392969852093,-0.5000000000000004,0.8660254037844384
2008-11-11,46.61739,19.460869,22.269566,205.90138,57.888992,64.32205,88.347824,244.24345,31.478260333333328,10.462319445498986,-0.5000000000000004,0.8660254037844384
2008-11-21,43.443478,46.61739,19.460869,222.59071,205.90138,57.888992,109.52174,276.7826,34.10724583333333,11.2649147889509,-0.5000000000000004,0.8660254037844384
2008-12-01,11.913043,43.443478,46.61739,73.911285,222.59071,205.90138,101.97391,250.73914,29.427535999999993,13.864010557563077,-2.4492935982947064e-16,1.0
2008-12-11,52.49565,11.913043,43.443478,357.85678,73.911285,222.59071,107.85217,296.72174,32.69999933333333,16.835379100302266,-2.4492935982947064e-16,1.0
2008-12-21,12.043478,52.49565,11.913043,131.02188,357.85678,73.911285,76.45217,281.09567,30.995651333333328,18.534395424168515,-2.4492935982947064e-16,1.0
2009-01-01,3.1130435,12.043478,52.49565,63.449245,131.02188,357.85678,67.652176,244.21738,28.271013749999995,21.528891216429166,0.49999999999999994,0.8660254037844387
2009-01-11,5.8956523,3.1130435,12.043478,115.6473,63.449245,131.02188,21.052174,217.25215,21.48405746666666,21.000744796337713,0.49999999999999994,0.8660254037844387
2009-01-21,2.721739,5.8956523,3.1130435,95.34034,115.6473,63.449245,11.730434,197.70433,14.69710096666666,18.96622357187651,0.49999999999999994,0.8660254037844387
2009-02-01,6.7652173,2.721739,5.8956523,98.70389,95.34034,115.6473,15.382608,185.00867,13.839130016666664,19.231928128638234,0.8660254037844386,0.5000000000000001
2009-02-11,5.521739,6.7652173,2.721739,83.03216,98.70389,95.34034,15.008696,143.91304,6.010144849999995,3.3594553543245604,0.8660254037844386,0.5000000000000001
2009-02-21,18.47826,5.521739,6.7652173,123.26329,83.03216,98.70389,30.765217,118.94783,7.082608516666661,5.80657244827529,0.8660254037844386,0.5000000000000001
2009-03-01,8.2,18.47826,5.521739,78.46042,123.26329,83.03216,32.2,115.23479,7.9304345999999954,5.4728362095964,1.0,6.123233995736766e-17
2009-03-11,40.269566,8.2,18.47826,170.61954,78.46042,123.26329,66.94783,103.0087,13.65942021666666,14.10326986487582,1.0,6.123233995736766e-17
2009-03-21,33.191303,40.269566,8.2,110.6892,170.61954,78.46042,81.66087,124.156525,18.73768088333333,14.84345169211214,1.0,6.123233995736766e-17
2009-04-01,21.426086,33.191303,40.269566,73.37626,110.6892,170.61954,94.886955,142.46956,21.181158999999994,13.636014202527322,0.8660254037844387,-0.4999999999999998
2009-04-11,30.4,21.426086,33.191303,92.9983,73.37626,110.6892,85.01739,166.9739,25.32753583333333,11.543997282055207,0.8660254037844387,-0.4999999999999998
2009-04-21,57.50435,30.4,21.426086,152.92749,92.9983,73.37626,109.33044,221.75652,31.831884166666658,16.738667051277304,0.8660254037844387,-0.4999999999999998
2009-05-01,20.4,57.50435,30.4,65.202835,152.92749,92.9983,108.30435,235.3913,33.86521749999999,13.771929660975227,0.49999999999999994,-0.8660254037844387
2009-05-11,85.930435,20.4,57.50435,188.05412,65.202835,152.92749,163.83478,315.8,41.47536233333333,25.57583077923855,0.49999999999999994,-0.8660254037844387
2009-05-21,11.191304,85.930435,20.4,29.95174,188.05412,65.202835,117.52174,308.51303,37.80869583333333,28.41987857471052,0.49999999999999994,-0.8660254037844387
2009-06-01,35.01739,11.191304,85.930435,65.55431,29.95174,188.05412,132.13913,335.33044,40.073913166666664,27.37539667989129,1.2246467991473532e-16,-1.0
2009-06-11,38.49565,35.01739,11.191304,61.38779,65.55431,29.95174,84.704346,333.55652,41.42318816666666,27.00016584178813,1.2246467991473532e-16,-1.0
2009-06-21,119.63478,38.49565,35.01739,201.94339,61.38779,65.55431,193.14783,420.0,51.77825983333333,42.09543693390902,1.2246467991473532e-16,-1.0
2009-07-01,122.295654,119.63478,38.49565,244.14203,201.94339,61.38779,280.4261,520.86957,68.76086883333333,47.154602516596626,-0.4999999999999997,-0.8660254037844388
2009-07-11,79.12174,122.295654,119.63478,188.5574,244.14203,201.94339,321.0522,569.5913,67.62608633333333,46.73887023353899,-0.4999999999999997,-0.8660254037844388
2009-07-21,24.33913,79.12174,122.295654,113.92233,188.5574,244.14203,225.75652,536.4261,69.81739066666667,43.778248016665685,-0.4999999999999997,-0.8660254037844388
2009-08-01,12.052174,24.33913,79.12174,69.75338,113.92233,188.5574,115.51305,528.07825,65.98985466666666,48.20903445662989,-0.8660254037844384,-0.5000000000000004
2009-08-11,6.208696,12.052174,24.33913,77.191795,69.75338,113.92233,42.6,448.35654,60.60869566666667,53.412862541488224,-0.8660254037844384,-0.5000000000000004
2009-08-21,7.269565,6.208696,12.052174,73.2543,77.191795,69.75338,25.530436,444.4348,41.881159833333335,48.00277088376641,-0.8660254037844384,-0.5000000000000004
2009-09-01,17.41739,7.269565,6.208696,92.555145,73.2543,77.191795,30.895653,426.8348,24.40144916666667,27.64081588894236,-1.0,-1.8369701987210297e-16
2009-09-11,5.8347826,17.41739,7.269565,45.9496,92.555145,73.2543,30.52174,394.17395,12.186956266666668,7.420530610682087,-1.0,-1.8369701987210297e-16
2009-09-21,8.53913,5.8347826,17.41739,40.434204,45.9496,92.555145,31.791306,283.07825,9.553622933333335,4.457488442617722,-1.0,-1.8369701987210297e-16
2009-10-01,6.9130435,8.53913,5.8347826,34.750996,40.434204,45.9496,21.286957,167.69563,8.697101183333332,4.37433746622314,-0.8660254037844386,0.5000000000000001
2009-10-11,5.9565215,6.9130435,8.53913,29.411766,34.750996,40.434204,21.408695,94.53043,8.6550721,4.4041380387812925,-0.8660254037844386,0.5000000000000001
2009-10-21,9.034782,5.9565215,6.9130435,33.104523,29.411766,34.750996,21.904346,79.22608,8.949274933333333,4.3517209736921485,-0.8660254037844386,0.5000000000000001
2009-11-01,13.782609,9.034782,5.9565215,44.450844,33.104523,29.411766,28.773914,80.95652,8.3434781,2.971113722575925,-0.5000000000000004,0.8660254037844384
2009-11-11,8.226087,13.782609,9.034782,52.758766,44.450844,33.104523,31.043476,82.973915,8.742028833333334,2.7167905770887115,-0.5000000000000004,0.8660254037844384
2009-11-21,7.3565216,8.226087,13.782609,56.77641,52.758766,44.450844,29.365217,83.060875,8.544927433333333,2.7766931333710443,-0.5000000000000004,0.8660254037844384
2009-12-01,3.4608696,7.3565216,8.226087,36.97464,56.77641,52.758766,19.043478,69.10435,7.969565116666666,3.45683299835895,-2.4492935982947064e-16,1.0
2009-12-11,5.017391,3.4608696,7.3565216,62.348915,36.97464,56.77641,15.834783,68.28696,7.813043366666666,3.5850931635284646,-2.4492935982947064e-16,1.0
2009-12-21,7.2173915,5.017391,3.4608696,93.9213,62.348915,36.97464,15.695652,66.96521,7.51014495,3.5376867048697886,-2.4492935982947064e-16,1.0
2010-01-01,17.47826,7.2173915,5.017391,175.79453,93.9213,62.348915,29.713043,77.53043,8.126086783333333,4.905493704985369,0.49999999999999994,0.8660254037844387
2010-01-11,3.2869565,17.47826,7.2173915,87.958405,175.79453,93.9213,27.982609,74.86087,7.302898366666667,5.2850863623594995,0.49999999999999994,0.8660254037844387
2010-01-21,5.4,3.2869565,17.47826,128.40884,87.958405,175.79453,26.165216,71.22609,6.976811433333332,5.341176647559176,0.49999999999999994,0.8660254037844387
2010-02-01,9.469565,5.4,3.2869565,121.39193,128.40884,87.958405,18.15652,66.91305,7.9782606666666664,5.108334559702184,0.8660254037844386,0.5000000000000001
2010-02-11,8.582608,9.469565,5.4,107.18696,121.39193,128.40884,23.452175,67.26957,8.5724635,4.898069708420041,0.8660254037844386,0.5000000000000001
2010-02-21,31.373913,8.582608,9.469565,190.9668,107.18696,121.39193,49.426086,91.28696,12.598550416666667,10.399702479929356,0.8660254037844386,0.5000000000000001
2010-03-01,16.486956,31.373913,8.582608,127.71785,190.9668,107.18696,56.443474,104.31304,12.433333083333332,10.314198079488916,1.0,6.123233995736766e-17
2010-03-11,40.591305,16.486956,31.373913,171.83215,127.71785,190.9668,88.45218,139.88696,18.6507245,14.206990193577626,1.0,6.123233995736766e-17
2010-03-21,44.904346,40.591305,16.486956,144.6369,171.83215,127.71785,101.982605,177.5739,25.234782166666665,15.89191556574886,1.0,6.123233995736766e-17
2010-04-01,9.043478,44.904346,40.591305,38.993965,144.6369,171.83215,94.53913,169.13911,25.16376766666667,15.97717685759627,0.8660254037844387,-0.4999999999999998
2010-04-11,16.834784,9.043478,44.904346,57.361515,38.993965,144.6369,70.78261,182.68694,26.539130333333333,14.556361358069475,0.8660254037844387,-0.4999999999999998
2010-04-21,23.6,16.834784,9.043478,69.974754,57.361515,38.993965,49.478264,200.88695,25.243478166666666,14.384918188116222,0.8660254037844387,-0.4999999999999998
2010-05-01,22.530436,23.6,16.834784,70.671745,69.974754,57.361515,62.965218,213.94781,26.250724833333333,13.850819460607399,0.49999999999999994,-0.8660254037844387
2010-05-11,46.32174,22.530436,23.6,106.13899,70.671745,69.974754,92.45218,251.68695,27.205797333333333,15.17199016658088,0.49999999999999994,-0.8660254037844387
2010-05-21,36.330433,46.32174,22.530436,76.45576,106.13899,70.671745,105.1826,256.6435,25.77681183333333,13.481207526493403,0.49999999999999994,-0.8660254037844387
2010-06-01,64.62608,36.330433,46.32174,114.05766,76.45576,106.13899,147.27826,304.78262,35.040578833333335,18.01705682728435,1.2246467991473532e-16,-1.0
2010-06-11,97.36522,64.62608,36.330433,144.47362,114.05766,76.45576,198.32173,361.55652,48.46231816666667,28.61860616534845,1.2246467991473532e-16,-1.0
2010-06-21,88.252174,97.36522,64.62608,151.09474,144.47362,114.05766,250.24347,404.90433,59.2376805,29.541734060023497,1.2246467991473532e-16,-1.0
2010-07-01,44.269566,88.252174,97.36522,94.49475,151.09474,144.47362,229.88696,440.13043,62.860868833333335,25.1452896069036,-0.4999999999999997,-0.8660254037844388
2010-07-11,57.739132,44.269566,88.252174,140.62866,94.49475,151.09474,190.26088,481.0348,64.76376749999999,24.051574637374507,-0.4999999999999997,-0.8660254037844388
2010-07-21,11.173913,57.739132,44.269566,62.80247,140.62866,94.49475,113.18261,468.60867,60.571014166666664,31.145895794287895,-0.4999999999999997,-0.8660254037844388
2010-08-01,12.53913,11.173913,57.739132,71.745316,62.80247,140.62866,81.45218,458.6174,51.889855833333336,36.575339784560335,-0.8660254037844384,-0.5000000000000004
2010-08-11,9.782609,12.53913,11.173913,101.80453,71.745316,62.80247,33.49565,422.07828,37.292753999999995,31.985423555039308,-0.8660254037844384,-0.5000000000000004
2010-08-21,30.034782,9.782609,12.53913,209.17194,101.80453,71.745316,52.35652,415.78262,27.589855333333333,20.03134950810405,-0.8660254037844384,-0.5000000000000004
2010-09-01,17.530436,30.034782,9.782609,93.021866,209.17194,101.80453,57.347824,368.68698,23.13333366666667,18.49373122323571,-1.0,-1.8369701987210297e-16
2010-09-11,14.886956,17.530436,30.034782,84.339264,93.021866,209.17194,62.45217,286.2087,15.991304333333334,7.409189444618419,-1.0,-1.8369701987210297e-16
2010-09-21,66.76522,14.886956,17.530436,214.32466,84.339264,93.021866,99.18262,264.72174,25.256522166666667,21.513707839439533,-1.0,-1.8369701987210297e-16
2010-10-01,39.747826,66.76522,14.886956,130.53183,214.32466,84.339264,121.4,260.2,29.79130483333334,21.161656009252155,-0.8660254037844386,0.5000000000000001
2010-10-11,61.913044,39.747826,66.76522,179.62184,130.53183,214.32466,168.42609,264.37393,38.47971066666667,21.989116707416386,-0.8660254037844386,0.5000000000000001
2010-10-21,46.695652,61.913044,39.747826,121.93705,179.62184,130.53183,148.35652,299.89566,41.25652233333333,21.760179417811603,-0.8660254037844386,0.5000000000000001
2010-11-01,16.07826,46.695652,61.913044,49.883728,121.93705,179.62184,124.68696,303.43478,41.014493,22.082541944789607,-0.5000000000000004,0.8660254037844384
2010-11-11,41.04348,16.07826,46.695652,183.66711,49.883728,121.93705,103.81739,334.69565,45.373913666666674,18.11915369427057,-0.5000000000000004,0.8660254037844384
2010-11-21,18.747826,41.04348,16.07826,109.1178,183.66711,49.883728,75.86957,323.40872,37.371014666666674,17.370094164075848,-0.5000000000000004,0.8660254037844384
2010-12-01,35.095654,18.747826,41.04348,175.22105,109.1178,183.66711,94.88696,340.9739,36.59565266666667,17.346594899329364,-2.4492935982947064e-16,1.0
2010-12-11,9.043478,35.095654,18.747826,87.40755,175.22105,109.1178,62.886955,335.13043,27.784058333333334,15.210579408906035,-2.4492935982947064e-16,1.0
2010-12-21,3.5913043,9.043478,35.095654,66.04572,87.40755,175.22105,47.730434,271.95654,20.600000383333334,14.661415147956891,-2.4492935982947064e-16,1.0
2011-01-01,14.626087,3.5913043,9.043478,153.48868,66.04572,87.40755,27.26087,246.8348,20.35797155,14.76262515939501,0.49999999999999994,0.8660254037844387
2011-01-11,3.4347825,14.626087,3.5913043,89.527435,153.48868,66.04572,21.652174,188.35652,14.089855299999998,11.936866321023734,0.49999999999999994,0.8660254037844387
2011-01-21,1.7304348,3.4347825,14.626087,83.10071,89.527435,153.48868,19.791304,143.39131,11.253623433333336,12.61140122805349,0.49999999999999994,0.8660254037844387
2011-02-01,4.3130436,1.7304348,3.4347825,78.13146,83.10071,89.527435,9.478261,131.6261,6.123188366666667,4.838145258589461,0.8660254037844386,0.5000000000000001
2011-02-11,21.982609,4.3130436,1.7304348,212.93288,78.13146,83.10071,28.026087,112.565216,8.2797102,8.15018847012314,0.8660254037844386,0.5000000000000001
2011-02-21,30.773912,21.982609,4.3130436,187.81671,212.93288,78.13146,57.069565,124.59131,12.810144816666666,11.772737985135443,0.8660254037844386,0.5000000000000001
2011-03-01,59.826088,30.773912,21.982609,385.3244,187.81671,212.93288,112.58261,149.32175,20.343478316666666,22.62600885708804,1.0,6.123233995736766e-17
2011-03-11,12.878261,59.826088,30.773912,67.38259,385.3244,187.81671,103.47826,153.15652,21.9173914,21.515778605508576,1.0,6.123233995736766e-17
2011-03-21,18.26087,12.878261,59.826088,67.41658,67.38259,385.3244,90.96522,167.82608,24.672463933333333,19.364699992517867,1.0,6.123233995736766e-17
2011-04-01,20.591305,18.26087,12.878261,71.05835,67.41658,67.38259,51.730434,173.7913,27.3855075,16.928935339017016,0.8660254037844387,-0.4999999999999998
2011-04-11,34.47826,20.591305,18.26087,103.712166,71.05835,67.41658,73.33043,204.83478,29.468115999999995,16.899920327637133,0.8660254037844387,-0.4999999999999998
2011-04-21,19.452173,34.47826,20.591305,59.826393,103.712166,71.05835,74.521736,222.55652,27.5811595,17.35100525843212,0.8660254037844387,-0.4999999999999998
2011-05-01,43.113045,19.452173,34.47826,123.50813,59.826393,103.712166,97.04348,261.35654,24.795652333333333,11.491185052486,0.49999999999999994,-0.8660254037844387
2011-05-11,52.095654,43.113045,19.452173,118.08008,123.50813,59.826393,114.66087,291.46954,31.331884499999997,14.192734470433583,0.49999999999999994,-0.8660254037844387
2011-05-21,62.33913,52.095654,43.113045,124.56835,118.08008,123.50813,157.54782,323.0348,38.678261166666665,17.16945492092253,0.49999999999999994,-0.8660254037844387
2011-06-01,48.95652,62.33913,52.095654,88.38863,124.56835,118.08008,163.3913,312.16522,43.405797,14.955654197294875,1.2246467991473532e-16,-1.0
2011-06-11,48.391304,48.95652,62.33913,75.354065,88.38863,124.56835,159.68695,347.67825,45.724637666666666,14.36140796218584,1.2246467991473532e-16,-1.0
2011-06-21,47.191303,48.391304,48.95652,84.56459,75.354065,88.38863,144.53912,376.6087,50.347826,6.556152509324452,1.2246467991473532e-16,-1.0
2011-07-01,50.904346,47.191303,48.391304,107.219696,84.56459,75.354065,146.48695,406.92175,51.64637616666666,5.527493859027691,-0.4999999999999997,-0.8660254037844388
2011-07-11,72.069565,50.904346,47.191303,172.75006,107.219696,84.56459,170.16522,444.51306,54.975361333333325,10.031728464418158,-0.4999999999999997,-0.8660254037844388
2011-07-21,39.130436,72.069565,50.904346,171.35622,172.75006,107.219696,162.10434,464.19128,51.10724566666667,11.047538521295547,-0.4999999999999997,-0.8660254037844388
2011-08-01,31.92174,39.130436,72.069565,151.03152,171.35622,172.75006,143.12173,453.0,48.26811566666667,13.603930231727798,-0.8660254037844384,-0.5000000000000004
2011-08-11,9.173913,31.92174,39.130436,97.61258,151.03152,171.35622,80.22609,410.07828,41.731883833333335,20.963502264893865,-0.8660254037844384,-0.5000000000000004
2011-08-21,8.113044,9.173913,31.92174,78.290215,97.61258,151.03152,49.2087,355.85217,35.218840666666665,24.67081223797802,-0.8660254037844384,-0.5000000000000004
2011-09-01,14.747826,8.113044,9.173913,81.53326,78.290215,97.61258,32.034782,321.6435,29.192753999999997,24.488323434827556,-1.0,-1.8369701987210297e-16
2011-09-11,9.173913,14.747826,8.113044,60.110634,81.53326,78.290215,32.034782,282.42612,18.710145333333333,13.42693181591641,-1.0,-1.8369701987210297e-16
2011-09-21,9.92174,9.173913,14.747826,44.563328,60.110634,81.53326,33.843475,245.15651,13.842029333333334,9.159355512277248,-1.0,-1.8369701987210297e-16
2011-10-01,32.886955,9.92174,9.173913,110.5183,44.563328,60.110634,51.98261,227.13913,14.0028985,9.540932339422517,-0.8660254037844386,0.5000000000000001
2011-10-11,19.452173,32.886955,9.92174,65.63959,110.5183,44.563328,62.260864,174.52174,15.715941833333334,9.422476705973477,-0.8660254037844386,0.5000000000000001
2011-10-21,30.330435,19.452173,32.886955,83.33562,65.63959,110.5183,82.66956,165.72174,19.418840333333332,10.172767053458847,-0.8660254037844386,0.5000000000000001
2011-11-01,124.92174,30.330435,19.452173,307.47226,83.33562,65.63959,174.70435,258.72174,37.781159333333335,43.82561090605728,-0.5000000000000004,0.8660254037844384
2011-11-11,7.7217393,124.92174,30.330435,50.746925,307.47226,83.33562,162.9739,257.26956,37.53913038333334,44.018776853370554,-0.5000000000000004,0.8660254037844384
2011-11-21,5.9565215,7.7217393,124.92174,50.34362,50.746925,307.47226,138.6,255.11305,36.87826063333333,44.54297703941114,-0.5000000000000004,0.8660254037844384
2011-12-01,14.252174,5.9565215,7.7217393,84.13346,50.34362,50.746925,27.930435,254.6174,33.7724638,45.51596961403395,-2.4492935982947064e-16,1.0
2011-12-11,1.0608696,14.252174,5.9565215,37.72326,84.13346,50.34362,21.269566,246.50435,30.70724656666667,47.25911928064694,-2.4492935982947064e-16,1.0
2011-12-21,2.747826,1.0608696,14.252174,59.561478,37.72326,84.13346,18.06087,239.33046,26.110145066666664,48.6249091190333,-2.4492935982947064e-16,1.0
2012-01-01,7.7391305,2.747826,1.0608696,99.628235,59.561478,37.72326,11.547827,214.18263,6.57971015,4.6269750141074795,0.49999999999999994,0.8660254037844387
2012-01-11,2.026087,7.7391305,2.747826,74.57543,99.628235,59.561478,12.513043,196.75655,5.630434766666667,4.920751966889323,0.49999999999999994,0.8660254037844387
2012-01-21,1.9043478,2.026087,7.7391305,85.24801,74.57543,99.628235,11.669565,168.33044,4.955072483333333,5.140227735056848,0.49999999999999994,0.8660254037844387
2012-02-01,11.495652,1.9043478,2.026087,138.38971,85.24801,74.57543,15.426086,54.904346,4.495652150000001,4.175796627897292,0.8660254037844386,0.5000000000000001
2012-02-11,8.07826,11.495652,1.9043478,103.20691,138.38971,85.24801,21.47826,55.260864,5.665217216666666,4.000410992832761,0.8660254037844386,0.5000000000000001
2012-02-21,28.113043,8.07826,11.495652,173.8469,103.20691,138.38971,47.68696,77.41739,9.892753383333334,9.676546689835533,0.8660254037844386,0.5000000000000001
2012-03-01,19.6,28.113043,8.07826,146.2217,173.8469,103.20691,55.791306,82.76521,11.869564966666667,10.337539555813052,1.0,6.123233995736766e-17
2012-03-11,9.356522,19.6,28.113043,54.10927,146.2217,173.8469,57.069565,91.06087,13.091304133333333,9.3251173425738,1.0,6.123233995736766e-17
2012-03-21,8.347826,9.356522,19.6,38.685776,54.10927,146.2217,37.304348,96.660866,14.165217166666666,8.065009917444339,1.0,6.123233995736766e-17
2012-04-01,29.278261,8.347826,9.356522,95.17907,38.685776,54.10927,46.98261,118.2,17.128985333333336,9.937765443972499,0.8660254037844387,-0.4999999999999998
2012-04-11,35.260868,29.278261,8.347826,105.768135,95.17907,38.685776,72.886955,151.43477,21.65942,11.113023175192069,0.8660254037844387,-0.4999999999999998
2012-04-21,31.704348,35.260868,29.278261,89.803406,105.768135,95.17907,96.24348,181.23477,22.257970833333335,11.615491126597535,0.8660254037844387,-0.4999999999999998
2012-05-01,17.07826,31.704348,35.260868,56.675793,89.803406,105.768135,84.04348,186.81738,21.837680833333337,11.775422742490655,0.49999999999999994,-0.8660254037844387
2012-05-11,33.86087,17.07826,31.704348,80.368546,56.675793,89.803406,82.64348,212.59999,25.921738833333336,10.788915397315886,0.49999999999999994,-0.8660254037844387
2012-05-21,60.50435,33.86087,17.07826,121.17426,80.368546,56.675793,111.44348,244.9913,34.61449283333334,14.252959183666775,0.49999999999999994,-0.8660254037844387
2012-06-01,52.904346,60.50435,33.86087,94.85575,121.17426,80.368546,147.26956,278.29565,38.55217366666667,15.67638736485096,1.2246467991473532e-16,-1.0
2012-06-11,38.68696,52.904346,60.50435,61.65779,94.85575,121.17426,152.09564,307.62607,39.123189,15.594708893487589,1.2246467991473532e-16,-1.0
2012-06-21,44.591305,38.68696,52.904346,80.35186,61.65779,94.85575,136.18262,343.86957,41.271015166666665,15.252258027688683,1.2246467991473532e-16,-1.0
2012-07-01,50.695652,44.591305,38.68696,106.81944,80.35186,61.65779,133.9739,365.28696,46.873913833333326,9.780965297845611,-0.4999999999999997,-0.8660254037844388
2012-07-11,18.808695,50.695652,44.591305,53.366768,106.81944,80.35186,114.09565,348.83478,44.365218,14.552609940748303,-0.4999999999999997,-0.8660254037844388
2012-07-21,8.504348,18.808695,50.695652,52.43669,53.366768,106.81944,78.0087,325.63477,35.698551,18.07626064510014,-0.4999999999999997,-0.8660254037844388
2012-08-01,9.704348,8.504348,18.808695,60.149395,52.43669,53.366768,37.017387,318.26083,28.498551333333335,18.451965918953842,-0.8660254037844384,-0.5000000000000004
2012-08-11,12.852174,9.704348,8.504348,122.94394,60.149395,52.43669,31.060867,297.25214,24.192753666666665,18.612583499297354,-0.8660254037844384,-0.5000000000000004
2012-08-21,10.0,12.852174,9.704348,89.556114,122.94394,60.149395,32.556522,246.74783,18.427536166666666,16.236060395316308,-0.8660254037844384,-0.5000000000000004
2012-09-01,12.852174,10.0,12.852174,73.706635,89.556114,122.94394,35.704346,206.69565,12.120289833333333,3.7205782293025105,-1.0,-1.8369701987210297e-16
2012-09-11,8.504348,12.852174,10.0,57.27105,73.706635,89.556114,31.356522,176.51305,10.402898666666667,1.992846655128741,-1.0,-1.8369701987210297e-16
2012-09-21,6.330435,8.504348,12.852174,33.838005,57.27105,73.706635,27.686956,138.25217,10.040579833333334,2.531797978306361,-1.0,-1.8369701987210297e-16
2012-10-01,43.260868,6.330435,8.504348,140.77957,33.838005,57.27105,58.09565,130.81738,15.633333166666667,13.768450602448599,-0.8660254037844386,0.5000000000000001
2012-10-11,16.4,43.260868,6.330435,57.446312,140.77957,33.838005,65.9913,128.40869,16.2246375,13.701140440092,-0.8660254037844386,0.5000000000000001
2012-10-21,35.260868,16.4,43.260868,94.96526,57.446312,140.77957,94.92174,155.16522,20.43478216666667,15.204514446392372,-0.8660254037844386,0.5000000000000001
2012-11-01,55.443478,35.260868,16.4,143.04529,94.96526,57.446312,107.10434,200.90436,27.533332833333333,20.10802131335161,-0.5000000000000004,0.8660254037844384
2012-11-11,21.52174,55.443478,35.260868,105.79503,143.04529,94.96526,112.22609,209.57393,29.70289816666667,18.261749685525512,-0.5000000000000004,0.8660254037844384
2012-11-21,18.208696,21.52174,55.443478,106.640564,105.79503,143.04529,95.17391,217.78261,31.682608333333334,15.683026766481962,-0.5000000000000004,0.8660254037844384
2012-12-01,17.81739,18.208696,21.52174,99.71372,106.640564,105.79503,57.54783,222.74783,27.44202866666667,15.362810484134169,-2.4492935982947064e-16,1.0
2012-12-11,12.330435,17.81739,18.208696,107.86578,99.71372,106.640564,48.35652,226.5739,26.763767833333333,16.023441386792427,-2.4492935982947064e-16,1.0
2012-12-21,4.878261,12.330435,17.81739,75.93922,107.86578,99.71372,35.026085,225.12175,21.700000000000003,17.530987419252636,-2.4492935982947064e-16,1.0
2013-01-01,6.2869563,4.878261,12.330435,88.27129,75.93922,107.86578,23.495653,188.14781,13.507246383333333,6.824806767831223,0.49999999999999994,0.8660254037844387
2013-01-11,2.173913,6.2869563,4.878261,76.14447,88.27129,75.93922,13.33913,173.92174,10.28260855,6.851460279391185,0.49999999999999994,0.8660254037844387
2013-01-21,1.7043478,2.173913,6.2869563,82.77861,76.14447,88.27129,10.165216,140.36522,7.531883850000001,6.325777687829067,0.49999999999999994,0.8660254037844387
2013-02-01,22.547827,1.7043478,2.173913,231.11156,82.77861,76.14447,26.426088,107.46957,8.320290016666666,7.9502795296731,0.8660254037844386,0.5000000000000001
2013-02-11,8.443479,22.547827,1.7043478,106.08902,231.11156,82.77861,32.695652,94.39131,7.672464016666666,7.712983399182204,0.8660254037844386,0.5000000000000001
2013-02-21,6.8608694,8.443479,22.547827,62.270782,106.08902,231.11156,37.852177,83.04348,8.002898750000002,7.6111307599567075,0.8660254037844386,0.5000000000000001
2013-03-01,8.73913,6.8608694,8.443479,81.665,62.270782,106.08902,24.043478,73.96522,8.411594366666666,7.566266484139517,1.0,6.123233995736766e-17
2013-03-11,27.686956,8.73913,6.8608694,123.19609,81.665,62.270782,43.286957,89.32174,12.6637682,10.103335547782933,1.0,6.123233995736766e-17
2013-03-21,10.591305,27.686956,8.73913,45.18801,123.19609,81.665,47.01739,95.03479,14.144927733333335,8.733958470107158,1.0,6.123233995736766e-17
2013-04-01,29.069565,10.591305,27.686956,94.5996,45.18801,123.19609,67.347824,117.8174,15.231884066666666,10.261163577491294,0.8660254037844387,-0.4999999999999998
2013-04-11,25.26087,29.069565,10.591305,79.49744,94.5996,45.18801,64.92174,140.90434,18.034782566666667,10.332647921169151,0.8660254037844387,-0.4999999999999998
2013-04-21,12.07826,25.26087,29.069565,41.784863,79.49744,94.5996,66.4087,151.27826,18.90434766666667,9.379819083184707,0.8660254037844387,-0.4999999999999998
2013-05-01,19.243479,12.07826,25.26087,62.23399,41.784863,79.49744,56.58261,147.97392,20.6550725,7.978698707992608,0.49999999999999994,-0.8660254037844387
2013-05-11,34.304348,19.243479,12.07826,81.285706,62.23399,41.784863,65.62608,173.8348,21.757971166666668,9.46419768039881,0.49999999999999994,-0.8660254037844387
2013-05-21,28.286957,34.304348,19.243479,61.57641,81.285706,62.23399,81.834785,195.26088,24.7072465,7.919584098316871,0.49999999999999994,-0.8660254037844387
2013-06-01,28.034782,28.286957,34.304348,54.115784,61.57641,81.285706,90.62608,214.55652,24.53478266666667,7.816178972068605,1.2246467991473532e-16,-1.0
2013-06-11,64.07826,28.034782,28.286957,97.49393,54.115784,61.57641,120.4,250.94783,31.00434766666667,17.986055919394346,1.2246467991473532e-16,-1.0
2013-06-21,14.113044,64.07826,28.034782,30.968508,97.49393,54.115784,106.22609,254.46956,31.343478333333334,17.57225270258002,1.2246467991473532e-16,-1.0
2013-07-01,7.382609,14.113044,64.07826,23.74877,30.968508,97.49393,85.57391,232.78262,29.366666666666664,19.739234505756528,-0.4999999999999997,-0.8660254037844388
2013-07-11,10.939131,7.382609,14.113044,35.72728,23.74877,30.968508,32.434784,218.46088,25.472463833333332,20.844142457391353,-0.4999999999999997,-0.8660254037844388
2013-07-21,8.069565,10.939131,7.382609,50.74845,35.72728,23.74877,26.391304,214.45218,22.1028985,21.905282772539312,-0.4999999999999997,-0.8660254037844388
2013-08-01,15.313044,8.069565,10.939131,83.09225,50.74845,35.72728,34.32174,210.52174,19.982608833333334,21.83184911717144,-0.8660254037844384,-0.5000000000000004
2013-08-11,6.4347825,15.313044,8.069565,78.748795,83.09225,50.74845,29.81739,182.65219,10.375362583333333,3.700547064196845,-0.8660254037844384,-0.5000000000000004
2013-08-21,3.3826087,6.4347825,15.313044,50.04759,78.748795,83.09225,25.130434,157.74785,8.5869567,4.103857057715615,-0.8660254037844384,-0.5000000000000004
2013-09-01,3.7043478,3.3826087,6.4347825,35.93782,50.04759,78.748795,13.521739,133.41739,7.973913166666666,4.568209622950874,-1.0,-1.8369701987210297e-16
2013-09-11,18.226088,3.7043478,3.3826087,98.50031,35.93782,50.04759,25.313044,87.565216,9.188406,6.193663064082692,-1.0,-1.8369701987210297e-16
2013-09-21,5.4086957,18.226088,3.7043478,31.085257,98.50031,35.93782,27.33913,78.86088,8.744927783333333,6.382188934113584,-1.0,-1.8369701987210297e-16
2013-10-01,22.669565,5.4086957,18.226088,80.71362,31.085257,98.50031,46.304348,94.147835,9.971014616666666,8.311405601900402,-0.8660254037844386,0.5000000000000001
2013-10-11,30.66087,22.669565,5.4086957,95.72829,80.71362,31.085257,58.73913,113.86957,14.008695866666665,11.516468854099303,-0.8660254037844386,0.5000000000000001
2013-10-21,9.521739,30.66087,22.669565,34.253128,95.72829,80.71362,62.852177,115.32174,15.03188425,10.621514402195153,-0.8660254037844386,0.5000000000000001
2013-11-01,9.573913,9.521739,30.66087,34.490562,34.253128,95.72829,49.756523,109.5826,16.010145116666667,9.58975748578069,-0.5000000000000004,0.8660254037844384
2013-11-11,14.904347,9.573913,9.521739,79.39829,34.490562,34.253128,34.0,118.05217,15.456521616666665,9.531952957443178,-0.5000000000000004,0.8660254037844384
2013-11-21,8.286957,14.904347,9.573913,61.051624,79.39829,34.490562,32.765217,122.95653,15.936231833333332,8.981689770901935,-0.5000000000000004,0.8660254037844384
2013-12-01,16.47826,8.286957,14.904347,93.86162,61.051624,79.39829,39.669563,135.73044,14.904347666666666,8.389529964226194,-2.4492935982947064e-16,1.0
2013-12-11,15.92174,16.47826,8.286957,130.2183,93.86162,61.051624,40.68696,133.42609,12.447826000000001,3.700842175222403,-2.4492935982947064e-16,1.0
2013-12-21,11.443479,15.92174,16.47826,126.40938,130.2183,93.86162,43.84348,139.46088,12.768116000000001,3.473107475727297,-2.4492935982947064e-16,1.0
2014-01-01,12.991304,11.443479,15.92174,140.70363,126.40938,130.2183,40.35652,129.78261,13.337681166666668,3.105248167004323,0.49999999999999994,0.8660254037844387
2014-01-11,4.173913,12.991304,11.443479,97.37263,140.70363,126.40938,28.608696,103.295654,11.5492755,4.701971227072891,0.49999999999999994,0.8660254037844387
2014-01-21,2.6,4.173913,12.991304,93.837234,97.37263,140.70363,19.765219,96.37391,10.601449333333333,5.909301658017761,0.49999999999999994,0.8660254037844387
2014-02-01,10.730434,2.6,4.173913,131.96994,93.837234,97.37263,17.504347,97.530426,9.643478333333332,5.187922768095149,0.8660254037844386,0.5000000000000001
2014-02-11,10.652174,10.730434,2.6,123.518906,131.96994,93.837234,23.982609,93.27826,8.765217333333334,4.27891472985127,0.8660254037844386,0.5000000000000001
2014-02-21,25.686956,10.652174,10.730434,161.10968,123.518906,131.96994,47.069565,110.67826,11.139130166666666,8.208592296282308,0.8660254037844386,0.5000000000000001
2014-03-01,18.130434,25.686956,10.652174,137.48663,161.10968,123.518906,54.469566,112.33043,11.995651833333334,8.694261815947408,1.0,6.123233995736766e-17
2014-03-11,31.26087,18.130434,25.686956,136.66606,137.48663,161.10968,75.07826,127.66957,16.510144666666665,10.63612807369564,1.0,6.123233995736766e-17
2014-03-21,7.191304,31.26087,18.130434,35.333847,136.66606,137.48663,56.582607,123.4174,17.275362,9.544332593953383,1.0,6.123233995736766e-17
2014-04-01,39.304348,7.191304,31.26087,123.01811,35.333847,136.66606,77.75652,149.73044,22.037681000000003,12.343690464658021,0.8660254037844387,-0.4999999999999998
2014-04-11,15.330435,39.304348,7.191304,53.40948,123.01811,35.333847,61.826088,160.88695,22.817391166666667,11.606404809672053,0.8660254037844387,-0.4999999999999998
2014-04-21,34.29565,15.330435,39.304348,96.14348,53.40948,123.01811,88.930435,192.58261,24.2521735,12.52763013884039,0.8660254037844387,-0.4999999999999998
2014-05-01,28.460869,34.29565,15.330435,85.89541,96.14348,53.40948,78.08695,210.31305,25.973912666666667,12.224227527623698,0.49999999999999994,-0.8660254037844387
2014-05-11,30.304348,28.460869,34.29565,73.01327,85.89541,96.14348,93.06087,229.96521,25.814492333333334,12.147484978473354,0.49999999999999994,-0.8660254037844387
2014-05-21,29.869566,30.304348,28.460869,64.50403,73.01327,85.89541,88.63478,234.14783,29.594202666666664,8.02134868997759,0.49999999999999994,-0.8660254037844387
2014-06-01,46.104347,29.869566,30.304348,83.71636,64.50403,73.01327,106.27826,262.12173,30.72753583333333,9.922715889755873,1.2246467991473532e-16,-1.0
2014-06-11,107.46087,46.104347,29.869566,158.72217,83.71636,64.50403,183.43478,338.32175,46.08260833333333,30.752449666730676,1.2246467991473532e-16,-1.0
2014-06-21,14.730434,107.46087,46.104347,31.968853,158.72217,83.71636,168.29565,345.86087,42.821739,33.19274811866462,1.2246467991473532e-16,-1.0
2014-07-01,24.86087,14.730434,107.46087,57.27056,31.968853,158.72217,147.05217,331.4174,42.221739166666666,33.53502905209366,-0.4999999999999997,-0.8660254037844388
2014-07-11,58.0,24.86087,14.730434,141.21338,57.27056,31.968853,97.59131,374.08698,46.83768116666667,33.47261163113807,-0.4999999999999997,-0.8660254037844388
2014-07-21,42.991302,58.0,24.86087,186.34776,141.21338,57.27056,125.85217,382.78262,49.02463716666667,32.558438808253335,-0.4999999999999997,-0.8660254037844388
2014-08-01,6.3913045,42.991302,58.0,46.597107,186.34776,141.21338,107.38261,360.71304,42.40579675,37.00399534373343,-0.8660254037844384,-0.5000000000000004
2014-08-11,10.165217,6.3913045,42.991302,104.439476,46.597107,186.34776,59.547825,340.5739,26.18985458333333,20.37660473156614,-0.8660254037844384,-0.5000000000000004
2014-08-21,8.478261,10.165217,6.3913045,80.47071,104.439476,46.597107,25.034782,319.18262,25.14782575,21.22214590728695,-0.8660254037844384,-0.5000000000000004
2014-09-01,62.852173,8.478261,10.165217,280.14264,80.47071,104.439476,81.49565,335.93045,31.479709583333335,26.20258126682954,-1.0,-1.8369701987210297e-16
2014-09-11,18.4,62.852173,8.478261,99.23786,280.14264,80.47071,89.73044,246.86957,24.879709583333334,22.975070507939854,-1.0,-1.8369701987210297e-16
2014-09-21,56.33913,18.4,62.852173,183.18747,99.23786,280.14264,137.59131,288.47827,27.104347583333332,25.578274343367646,-1.0,-1.8369701987210297e-16
2014-10-01,24.278261,56.33913,18.4,85.40628,183.18747,99.23786,99.01739,287.89566,30.085507000000003,23.65110286951493,-0.8660254037844386,0.5000000000000001
2014-10-11,16.791304,24.278261,56.33913,58.49673,85.40628,183.18747,97.4087,246.68695,31.18985483333333,22.669246611306107,-0.8660254037844386,0.5000000000000001
2014-10-21,25.92174,16.791304,24.278261,72.93661,58.49673,85.40628,66.9913,229.61739,34.097101333333335,20.152904285970163,-0.8660254037844386,0.5000000000000001
2014-11-01,33.713043,25.92174,16.791304,91.61813,72.93661,58.49673,76.42609,256.93915,29.240579666666665,14.57721711337817,-0.5000000000000004,0.8660254037844384
2014-11-11,20.6,33.713043,25.92174,102.11822,91.61813,72.93661,80.23478,267.3739,29.607246333333332,14.274530301574385,-0.5000000000000004,0.8660254037844384
2014-11-21,12.173913,20.6,33.713043,78.91162,102.11822,91.61813,66.48695,271.06958,22.246376833333333,7.523884430526076,-0.5000000000000004,0.8660254037844384
2014-12-01,4.878261,12.173913,20.6,43.16875,78.91162,102.11822,37.652176,213.09567,19.0130435,10.176840494831715,-2.4492935982947064e-16,1.0
2014-12-11,5.0434785,4.878261,12.173913,62.511276,43.16875,78.91162,22.095652,199.73915,17.055072583333335,11.70513674850939,-2.4492935982947064e-16,1.0
2014-12-21,10.382608,5.0434785,4.878261,118.25394,62.511276,43.16875,20.304348,153.78261,14.46521725,11.051796416501853,-2.4492935982947064e-16,1.0
2015-01-01,7.573913,10.382608,5.0434785,98.33613,118.25394,62.511276,23.0,137.07826,10.108695583333335,5.896551740295485,0.49999999999999994,0.8660254037844387
2015-01-11,1.1043478,7.573913,10.382608,64.79202,98.33613,118.25394,19.06087,121.3913,6.859420216666667,4.037590378416345,0.49999999999999994,0.8660254037844387
2015-01-21,1.2,1.1043478,7.573913,76.55142,64.79202,98.33613,9.878261,96.669556,5.030434716666667,3.611779511787915,0.49999999999999994,0.8660254037844387
2015-02-01,11.565217,1.2,1.1043478,138.97331,76.55142,64.79202,13.869565,74.52174,6.144927383333333,4.48224085553318,0.8660254037844386,0.5000000000000001
2015-02-11,7.1130433,11.565217,1.2,95.589905,138.97331,76.55142,19.87826,61.034782,6.48985485,4.460103686619726,0.8660254037844386,0.5000000000000001
2015-02-21,38.32174,7.1130433,11.565217,227.4436,95.589905,138.97331,57.0,87.18261,11.146376850000001,13.910275531232596,0.8660254037844386,0.5000000000000001
2015-03-01,6.652174,38.32174,7.1130433,69.26019,227.4436,95.589905,52.08696,88.95653,10.992753683333333,13.962611414827906,1.0,6.123233995736766e-17
2015-03-11,9.46087,6.652174,38.32174,54.502552,69.26019,227.4436,54.434784,93.37392,12.385507383333334,13.173458977048897,1.0,6.123233995736766e-17
2015-03-21,89.156525,9.46087,6.652174,272.89224,54.502552,69.26019,105.26957,172.14783,27.044928216666666,32.70162675636572,1.0,6.123233995736766e-17
2015-04-01,62.434784,89.156525,9.46087,187.24347,272.89224,54.502552,161.05219,227.0087,35.52318938333334,34.43404397138318,0.8660254037844387,-0.4999999999999998
2015-04-11,18.773912,62.434784,89.156525,62.455738,187.24347,272.89224,170.36522,244.67827,37.4666675,32.80017125066111,0.8660254037844387,-0.4999999999999998
2015-04-21,32.095654,18.773912,62.434784,90.76082,62.455738,187.24347,113.30435,275.5739,36.4289865,32.866128814491795,0.8660254037844387,-0.4999999999999998
2015-05-01,30.330435,32.095654,18.773912,90.694664,90.76082,62.455738,81.200005,294.33914,40.37536333333333,29.85968031753793,0.49999999999999994,-0.8660254037844387
2015-05-11,26.93913,30.330435,32.095654,66.05363,90.694664,90.76082,89.36522,314.16522,43.288406666666674,26.95149006154431,0.49999999999999994,-0.8660254037844387
2015-05-21,31.652174,26.93913,30.330435,67.80161,66.05363,90.694664,88.92174,307.49564,33.70434816666667,14.915137612045118,0.49999999999999994,-0.8660254037844387
2015-06-01,40.417393,31.652174,26.93913,74.4003,67.80161,66.05363,99.0087,341.26086,30.034782999999994,7.087163418714112,1.2246467991473532e-16,-1.0
2015-06-11,99.0087,40.417393,31.652174,146.79317,74.4003,67.80161,171.07826,430.8087,43.40724766666667,27.599987571354237,1.2246467991473532e-16,-1.0
2015-06-21,50.12174,99.0087,40.417393,89.31271,146.79317,74.4003,189.54782,391.7739,46.41159533333333,27.09897487469194,1.2246467991473532e-16,-1.0
2015-07-01,8.382608,50.12174,99.0087,25.666683,89.31271,146.79317,157.51305,337.72174,42.75362416666667,30.91629938363062,-0.4999999999999997,-0.8660254037844388
2015-07-11,41.547825,8.382608,50.12174,104.33613,25.666683,89.31271,100.05217,360.49564,45.18840666666667,29.982910361872328,-0.4999999999999997,-0.8660254037844388
2015-07-21,8.565217,41.547825,8.382608,52.673042,104.33613,25.666683,58.49565,336.9652,41.3405805,33.358862085333655,-0.4999999999999997,-0.8660254037844388
2015-08-01,4.330435,8.565217,41.547825,38.166943,52.673042,104.33613,54.443474,310.9652,35.32608750000001,36.64948086025307,-0.8660254037844384,-0.5000000000000004
2015-08-11,5.2608695,4.330435,8.565217,70.66432,38.166943,52.673042,18.15652,289.28696,19.701449083333333,20.491893427808026,-0.8660254037844384,-0.5000000000000004
2015-08-21,5.843478,5.2608695,4.330435,64.73998,70.66432,38.166943,15.434783,263.47824,12.32173875,14.418578270770288,-0.8660254037844384,-0.5000000000000004
2015-09-01,3.5043478,5.843478,5.2608695,35.112076,64.73998,70.66432,14.608695,226.5652,11.508695383333333,14.817154866941957,-1.0,-1.8369701987210297e-16
2015-09-11,5.2782607,3.5043478,5.843478,43.58943,35.112076,64.73998,14.626087,132.83478,5.463767999999999,1.7298854038610347,-1.0,-1.8369701987210297e-16
2015-09-21,6.0086956,5.2782607,3.5043478,32.87714,43.58943,35.112076,14.791304,88.72174,5.0376810999999995,0.95406262519698,-1.0,-1.8369701987210297e-16
2015-10-01,17.41739,6.0086956,5.2782607,65.392746,32.87714,43.58943,28.704348,97.756516,7.218840266666668,5.0747106519437475,-0.8660254037844386,0.5000000000000001
2015-10-11,31.6,17.41739,6.0086956,98.24929,65.392746,32.87714,55.026085,87.80869,11.60869535,10.988592043641816,-0.8660254037844386,0.5000000000000001
2015-10-21,31.991304,31.6,17.41739,87.25318,98.24929,65.392746,81.0087,111.23478,15.966666349999999,13.206114586608773,-0.8660254037844386,0.5000000000000001
2015-11-01,37.47826,31.991304,31.6,100.528885,87.25318,98.24929,101.069565,144.3826,21.62898505,14.050448190232425,-0.5000000000000004,0.8660254037844384
2015-11-11,29.591305,37.47826,31.991304,137.98447,100.528885,87.25318,99.06087,168.71304,25.681159100000002,11.701342972151094,-0.5000000000000004,0.8660254037844384
2015-11-21,8.191304,29.591305,37.47826,60.612118,137.98447,100.528885,75.26087,171.06087,26.044927166666668,10.979092720090799,-0.5000000000000004,0.8660254037844384
2015-12-01,7.904348,8.191304,29.591305,56.39298,60.612118,137.98447,45.686954,175.46086,24.45942016666667,12.978949148828248,-2.4492935982947064e-16,1.0
2015-12-11,3.173913,7.904348,8.191304,50.874977,56.39298,60.612118,19.269566,173.35652,19.721739000000003,14.897495111618158,-2.4492935982947064e-16,1.0
2015-12-21,1.6521739,3.173913,7.904348,51.138645,50.874977,56.39298,12.730434,169.0,14.665217316666668,15.048144679084068,-2.4492935982947064e-16,1.0
2016-01-01,1.626087,1.6521739,3.173913,51.820286,51.138645,50.874977,6.452174,153.2087,8.68985515,10.654459875748511,0.49999999999999994,0.8660254037844387
2016-01-11,2.2,1.626087,1.6521739,76.42136,51.820286,51.138645,5.478261,123.80869,4.12463765,3.0915344190792324,0.49999999999999994,0.8660254037844387
2016-01-21,2.278261,2.2,1.626087,89.864716,76.42136,51.820286,6.104348,94.09565,3.1391304833333327,2.401329240228978,0.49999999999999994,0.8660254037844387
2016-02-01,1.826087,2.278261,2.2,57.267223,89.864716,76.42136,6.304348,58.443474,2.1260869833333333,0.5815759641728786,0.8660254037844386,0.5000000000000001
2016-02-11,2.078261,1.826087,2.278261,55.857998,57.267223,89.864716,6.182609,30.930437,1.943478316666667,0.2812207044816654,0.8660254037844386,0.5000000000000001
2016-02-21,2.921739,2.078261,1.826087,41.589947,55.857998,57.267223,6.826087,25.66087,2.1550724999999997,0.4469739442090404,0.8660254037844386,0.5000000000000001
2016-03-01,5.4173913,2.921739,2.078261,61.920673,41.589947,55.857998,10.417391,23.173914,2.7869565499999998,1.3391162841041975,1.0,6.123233995736766e-17
2016-03-11,33.47826,5.4173913,2.921739,145.02332,61.920673,41.589947,41.81739,53.47826,7.9999998833333335,12.550082285060032,1.0,6.123233995736766e-17
2016-03-21,88.03478,33.47826,5.4173913,269.6411,145.02332,61.920673,126.930435,139.86087,22.292753049999998,34.4518614904433,1.0,6.123233995736766e-17
2016-04-01,94.017395,88.03478,33.47826,274.93762,269.6411,145.02332,215.53044,232.25217,37.65797104999999,42.99686988447361,0.8660254037844387,-0.4999999999999998
2016-04-11,20.034782,94.017395,88.03478,65.768135,274.93762,269.6411,202.08698,250.08698,40.65072455,40.58220221548151,0.8660254037844387,-0.4999999999999998
2016-04-21,11.773913,20.034782,94.017395,41.04023,65.768135,274.93762,125.82609,259.58264,42.12608688333333,39.06893756903444,0.8660254037844387,-0.4999999999999998
2016-05-01,9.313044,11.773913,20.034782,36.742165,41.04023,65.768135,41.121742,267.06958,42.775362333333334,38.362866196464914,0.49999999999999994,-0.8660254037844387
2016-05-11,26.730434,9.313044,11.773913,65.62202,36.742165,41.04023,47.81739,291.72174,41.65072466666667,38.78649834201837,0.49999999999999994,-0.8660254037844387
2016-05-21,40.64348,26.730434,9.313044,84.43431,65.62202,36.742165,76.68696,329.44348,33.75217466666667,31.613837692424426,0.49999999999999994,-0.8660254037844387
2016-06-01,86.026085,40.64348,26.730434,149.11398,84.43431,65.62202,153.4,410.05215,32.42028966666666,28.590890444362127,1.2246467991473532e-16,-1.0
2016-06-11,61.286957,86.026085,40.64348,93.554405,149.11398,84.43431,187.95651,437.8609,39.29565216666666,29.944799574354874,1.2246467991473532e-16,-1.0
2016-06-21,60.443478,61.286957,86.026085,106.03684,93.554405,149.11398,207.75653,410.26956,47.407246333333326,27.489822694634373,1.2246467991473532e-16,-1.0
2016-07-01,6.5652175,60.443478,61.286957,22.181086,106.03684,93.554405,128.29565,322.81738,46.94927525,28.263391168234044,-0.4999999999999997,-0.8660254037844388
2016-07-11,5.8,6.5652175,60.443478,24.20801,22.181086,106.03684,72.8087,308.58258,43.460869583333334,32.26621722228753,-0.4999999999999997,-0.8660254037844388
2016-07-21,9.069565,5.8,6.5652175,54.6314,24.20801,22.181086,21.434782,305.87823,38.19855041666666,35.253981329737364,-0.4999999999999997,-0.8660254037844388
2016-08-01,15.608696,9.069565,5.8,84.301636,54.6314,24.20801,30.47826,312.1739,26.462318916666664,26.872326573276304,-0.8660254037844384,-0.5000000000000004
2016-08-11,3.8695652,15.608696,9.069565,61.082714,84.301636,54.6314,28.547827,289.31305,16.892753616666663,21.720162522343553,-0.8660254037844384,-0.5000000000000004
2016-08-21,7.3391304,3.8695652,15.608696,73.66964,61.082714,84.301636,26.817392,256.00873,8.042029016666666,4.08464114868839,-0.8660254037844384,-0.5000000000000004
2016-09-01,16.32174,7.3391304,3.8695652,88.0315,73.66964,61.082714,27.530434,186.30435,9.668116099999997,5.1755029333207965,-1.0,-1.8369701987210297e-16
2016-09-11,13.173913,16.32174,7.3391304,77.07436,88.0315,73.66964,36.83478,138.19131,10.897101599999997,4.943581912940629,-1.0,-1.8369701987210297e-16
2016-09-21,42.408695,13.173913,16.32174,141.58464,77.07436,88.0315,71.90434,120.156525,16.453623266666664,13.613126320133308,-1.0,-1.8369701987210297e-16
2016-10-01,43.513042,42.408695,13.173913,141.51518,141.58464,77.07436,99.09565,157.10435,21.104347599999997,17.483185408794863,-0.8660254037844386,0.5000000000000001
2016-10-11,52.669567,43.513042,42.408695,154.8086,141.51518,141.58464,138.59131,203.97392,29.23768123333333,19.13492887700187,-0.8660254037844386,0.5000000000000001
2016-10-21,32.66087,52.669567,43.513042,88.83252,154.8086,141.51518,128.84348,227.56523,33.45797116666667,15.849505516850533,-0.8660254037844386,0.5000000000000001
2016-11-01,74.295654,32.66087,52.669567,187.66078,88.83252,154.8086,159.6261,286.2522,43.12029016666667,20.346683245656,-0.5000000000000004,0.8660254037844384
2016-11-11,26.504349,74.295654,32.66087,125.67062,187.66078,88.83252,133.46088,308.88696,45.342029499999995,16.85007321615833,-0.5000000000000004,0.8660254037844384
2016-11-21,19.81739,26.504349,74.295654,114.03228,125.67062,187.66078,120.61739,321.36523,41.576812,19.887013000104954,-0.5000000000000004,0.8660254037844384
2016-12-01,71.27826,19.81739,26.504349,333.34177,114.03228,125.67062,117.6,376.32172,46.204348333333336,23.35555138256255,-2.4492935982947064e-16,1.0
2016-12-11,17.217392,71.27826,19.81739,138.28253,333.34177,114.03228,108.31304,380.36523,40.295652499999996,25.754135078760676,-2.4492935982947064e-16,1.0
2016-12-21,17.07826,17.217392,71.27826,169.7268,138.28253,333.34177,105.57391,355.0348,37.698550833333336,27.41045478115966,-2.4492935982947064e-16,1.0
2017-01-01,2.1913044,17.07826,17.217392,56.240646,169.7268,138.28253,36.486958,313.71304,25.681159233333332,23.713184267108957,0.49999999999999994,0.8660254037844387
2017-01-11,3.8173914,2.1913044,17.07826,93.58848,56.240646,169.7268,23.086956,264.86087,21.899999633333334,25.31062715692065,0.49999999999999994,0.8660254037844387
2017-01-21,4.0,3.8173914,2.1913044,111.12304,93.58848,56.240646,10.008696,236.20001,19.263767966666666,26.372385766061107,0.49999999999999994,0.8660254037844387
2017-02-01,26.104347,4.0,3.8173914,260.94885,111.12304,93.58848,33.921738,188.0087,11.734782466666664,9.784539427484974,0.8660254037844386,0.5000000000000001
2017-02-11,6.130435,26.104347,4.0,87.83567,260.94885,111.12304,36.234783,167.6348,9.886956299999996,9.586959820703004,0.8660254037844386,0.5000000000000001
2017-02-21,12.347826,6.130435,26.104347,91.07787,87.83567,260.94885,44.58261,160.1652,9.09855063333333,9.057157642684832,0.8660254037844386,0.5000000000000001
2017-03-01,6.173913,12.347826,6.130435,66.41742,91.07787,87.83567,24.652172,95.06086,9.762318733333332,8.583244713244136,1.0,6.123233995736766e-17
2017-03-11,21.452173,6.173913,12.347826,99.69739,66.41742,91.07787,39.973915,99.29565,12.701448999999997,9.14155413994622,1.0,6.123233995736766e-17
2017-03-21,13.860869,21.452173,6.173913,54.664135,99.69739,66.41742,41.486958,96.07826,14.344927166666663,8.090277839466042,1.0,6.123233995736766e-17
2017-04-01,17.617392,13.860869,21.452173,62.800808,54.664135,99.69739,52.930435,111.50435,12.930434666666663,6.126717141704036,0.8660254037844387,-0.4999999999999998
2017-04-11,53.87826,17.617392,13.860869,154.67734,62.800808,54.664135,85.35652,161.56522,20.888405499999994,16.959905188589044,0.8660254037844387,-0.4999999999999998
2017-04-21,71.21739,53.87826,17.617392,186.47878,154.67734,62.800808,142.71304,228.78261,30.699999499999993,25.770730846097646,0.8660254037844387,-0.4999999999999998
2017-05-01,30.269566,71.21739,53.87826,90.53841,186.47878,154.67734,155.36522,232.94783,34.71594166666666,22.902150321689934,0.49999999999999994,-0.8660254037844387
2017-05-11,64.71304,30.269566,71.21739,144.17422,90.53841,186.47878,166.2,291.53046,41.926086166666664,24.63543664601034,0.49999999999999994,-0.8660254037844387
2017-05-21,56.38261,64.71304,30.269566,113.5496,144.17422,90.53841,151.36522,335.56522,49.013043,20.758172450793126,0.49999999999999994,-0.8660254037844387
2017-06-01,46.04348,56.38261,64.71304,83.61665,113.5496,144.17422,167.13913,375.43478,53.75072433333333,14.44275786464764,1.2246467991473532e-16,-1.0
2017-06-11,35.66087,46.04348,56.38261,57.38691,83.61665,113.5496,138.08696,389.64346,50.714492666666665,16.216538605615806,1.2246467991473532e-16,-1.0
2017-06-21,76.339134,35.66087,46.04348,131.79227,57.38691,83.61665,158.04349,452.12173,51.56811666666667,17.588416770918585,1.2246467991473532e-16,-1.0
2017-07-01,98.28696,76.339134,35.66087,198.09543,131.79227,57.38691,210.28696,532.7913,62.904349,22.38179216841111,-0.4999999999999997,-0.8660254037844388
2017-07-11,33.730434,98.28696,76.339134,86.81358,198.09543,131.79227,208.35654,512.6435,57.74058133333333,25.26888235578147,-0.4999999999999997,-0.8660254037844388
2017-07-21,5.652174,33.730434,98.28696,41.361843,86.81358,198.09543,137.66957,447.07825,49.28550866666666,33.0908163910806,-0.4999999999999997,-0.8660254037844388
2017-08-01,29.26087,5.652174,33.730434,140.14703,41.361843,86.81358,68.64348,446.06955,46.488406999999995,34.113174535929964,-0.8660254037844384,-0.5000000000000004
2017-08-11,6.808696,29.26087,5.652174,81.32385,140.14703,41.361843,41.72174,388.1652,41.67971133333334,37.7810692491982,-0.8660254037844384,-0.5000000000000004
2017-08-21,7.46087,6.808696,29.26087,74.39648,81.32385,140.14703,43.530434,339.24347,30.200000666666664,35.5415164244028,-0.8660254037844384,-0.5000000000000004
2017-09-01,21.617392,7.46087,6.808696,109.89577,74.39648,81.32385,35.886955,314.8174,17.42173933333333,12.442831773988313,-1.0,-1.8369701987210297e-16
2017-09-11,10.573913,21.617392,7.46087,66.047935,109.89577,74.39648,39.652176,289.73047,13.562319166666663,9.650583116087448,-1.0,-1.8369701987210297e-16
2017-09-21,11.347826,10.573913,21.617392,48.82229,66.047935,109.89577,43.53913,224.73914,14.511594499999996,8.973244829816942,-1.0,-1.8369701987210297e-16
2017-10-01,24.130434,11.347826,10.573913,84.97506,48.82229,66.047935,46.05217,150.58261,13.656521833333331,7.391747612565793,-0.8660254037844386,0.5000000000000001
2017-10-11,41.747826,24.130434,11.347826,125.49019,84.97506,48.82229,77.22609,158.6,19.479710166666667,12.743321237315298,-0.8660254037844386,0.5000000000000001
2017-10-21,38.6,41.747826,24.130434,102.84144,125.49019,84.97506,104.47826,191.54782,24.66956516666667,13.202170848914891,-0.8660254037844386,0.5000000000000001
2017-11-01,29.782608,38.6,41.747826,82.31638,102.84144,125.49019,110.13043,192.06956,26.0304345,13.24539338442938,-0.5000000000000004,0.8660254037844384
2017-11-11,17.06087,29.782608,38.6,88.00065,82.31638,102.84144,85.443474,202.32173,27.111594,11.93094987664003,-0.5000000000000004,0.8660254037844384
2017-11-21,17.84348,17.06087,29.782608,104.962456,88.00065,82.31638,64.68695,212.70435,28.194203,10.412560942173338,-0.5000000000000004,0.8660254037844384
2017-12-01,41.02609,17.84348,17.06087,201.1375,104.962456,88.00065,75.930435,232.11304,31.01014566666667,11.337310384355291,-2.4492935982947064e-16,1.0
2017-12-11,21.07826,41.02609,17.84348,162.31284,201.1375,104.962456,79.94783,242.6174,27.565217999999998,10.533873437055782,-2.4492935982947064e-16,1.0
2017-12-21,3.4956522,21.07826,41.02609,65.3104,162.31284,201.1375,65.6,234.76521,21.71449336666667,12.704362711619947,-2.4492935982947064e-16,1.0
2018-01-01,4.626087,3.4956522,21.07826,75.28222,65.3104,162.31284,29.2,215.26086,17.521739866666664,13.626798791258004,0.49999999999999994,0.8660254037844387
2018-01-11,1.7130435,4.626087,3.4956522,71.25276,75.28222,65.3104,9.834783,175.22609,14.963768783333334,15.09232526741719,0.49999999999999994,0.8660254037844387
2018-01-21,1.7304348,1.7130435,4.626087,83.10071,71.25276,75.28222,8.069565,138.35652,12.27826125,15.889921945944904,0.49999999999999994,0.8660254037844387
2018-02-01,4.1130433,1.7304348,1.7130435,76.45356,83.10071,71.25276,7.5565214,112.68696,6.126086799999999,7.424092143735705,0.8660254037844386,0.5000000000000001
2018-02-11,6.121739,4.1130433,1.7304348,87.767044,76.45356,83.10071,11.965218,101.74783,3.633333299999998,1.7167024333521639,0.8660254037844386,0.5000000000000001
2018-02-21,11.869565,6.121739,4.1130433,88.566956,87.767044,76.45356,22.104347,95.773926,5.0289854333333315,3.764699815138133,0.8660254037844386,0.5000000000000001
2018-03-01,21.556522,11.869565,6.121739,157.85121,88.566956,87.767044,39.54783,76.30435,7.850724599999997,7.69530622856843,1.0,6.123233995736766e-17
2018-03-11,5.9652176,21.556522,11.869565,41.327553,157.85121,88.566956,39.391304,61.191303,8.559420283333331,7.196654774122763,1.0,6.123233995736766e-17
2018-03-21,8.965218,5.9652176,21.556522,40.47515,41.327553,157.85121,36.486958,66.66087,9.76521748333333,6.383809950486093,1.0,6.123233995736766e-17
2018-04-01,26.565218,8.965218,5.9652176,87.645874,40.47515,41.327553,41.49565,88.6,13.507246599999997,8.602806522536666,0.8660254037844387,-0.4999999999999998
2018-04-11,24.878262,26.565218,8.965218,78.492294,87.645874,40.47515,60.408695,111.76521,16.633333766666667,8.788186880088357,0.8660254037844387,-0.4999999999999998
2018-04-21,10.834783,24.878262,26.565218,38.74248,78.492294,87.645874,62.278263,120.869576,16.460870099999998,8.909684383076732,0.8660254037844387,-0.4999999999999998
2018-05-01,5.0347824,10.834783,24.878262,25.759693,38.74248,78.492294,40.747826,121.791306,13.70724683333333,9.549948107753872,0.49999999999999994,-0.8660254037844387
2018-05-11,58.95652,5.0347824,10.834783,132.2691,25.759693,38.74248,74.82609,174.6261,22.53913056666666,19.877385281223866,0.49999999999999994,-0.8660254037844387
2018-05-21,81.339134,58.95652,5.0347824,159.71582,132.2691,25.759693,145.33044,244.09567,34.6014499,29.58291481003089,0.49999999999999994,-0.8660254037844387
2018-06-01,19.391304,81.339134,58.95652,39.95651,159.71582,132.2691,159.68695,241.93045,33.40579756666666,30.112901724753133,1.2246467991473532e-16,-1.0
2018-06-11,46.67826,19.391304,81.339134,72.936356,39.95651,159.71582,147.40869,282.64346,37.039130566666664,30.193267446546237,1.2246467991473532e-16,-1.0
2018-06-21,38.773914,46.67826,19.391304,70.926056,72.936356,39.95651,104.843475,312.45218,41.69565239999999,27.365706510716578,1.2246467991473532e-16,-1.0
2018-07-01,27.356522,38.773914,46.67826,62.057007,70.926056,72.936356,112.8087,313.24347,45.415942333333334,22.463113731165194,-0.4999999999999997,-0.8660254037844388
2018-07-11,14.46087,27.356522,38.773914,43.621193,62.057007,70.926056,80.5913,302.8261,38.00000066666666,24.363290037639693,-0.4999999999999997,-0.8660254037844388
2018-07-21,8.391304,14.46087,27.356522,51.997746,43.621193,62.057007,50.208694,300.3826,25.842028999999997,14.692489899402297,-0.4999999999999997,-0.8660254037844388
2018-08-01,5.156522,8.391304,14.46087,41.546124,51.997746,43.621193,28.008694,300.50433,23.469565333333332,16.92248882962372,-0.8660254037844384,-0.5000000000000004
2018-08-11,4.052174,5.156522,8.391304,62.3403,41.546124,51.997746,17.6,245.59999,16.365217666666663,13.909810813894753,-0.8660254037844384,-0.5000000000000004
2018-08-21,13.382608,4.052174,5.156522,109.75166,62.3403,41.546124,22.591305,177.6435,12.133333333333328,8.563964075025002,-0.8660254037844384,-0.5000000000000004
2018-09-01,28.15652,13.382608,4.052174,136.894,109.75166,62.3403,45.5913,186.4087,12.266666333333328,8.849833614618708,-1.0,-1.8369701987210297e-16
2018-09-11,23.33913,28.15652,13.382608,120.18439,136.894,109.75166,64.878265,163.06956,13.746376333333329,9.962383719235222,-1.0,-1.8369701987210297e-16
2018-09-21,60.63478,23.33913,28.15652,196.0163,120.18439,136.894,112.13043,184.93042,22.45362233333333,21.029475733514428,-1.0,-1.8369701987210297e-16
2018-10-01,31.73913,60.63478,23.33913,107.17004,196.0163,120.18439,115.713036,189.31303,26.884056999999995,19.39305397715931,-0.8660254037844386,0.5000000000000001
2018-10-11,73.31304,31.73913,60.63478,210.22408,107.17004,196.0163,165.68695,248.16522,38.427534666666666,23.303635055710394,-0.8660254037844386,0.5000000000000001
2018-10-21,37.747826,73.31304,31.73913,100.83137,210.22408,107.17004,142.79999,277.52176,42.48840433333333,19.947765345940773,-0.8660254037844386,0.5000000000000001
2018-11-01,48.286957,37.747826,73.31304,126.108696,100.83137,210.22408,159.34782,320.6522,45.843477166666666,18.7096121481222,-0.5000000000000004,0.8660254037844384
2018-11-11,26.113043,48.286957,37.747826,124.109695,126.108696,100.83137,112.14783,342.71304,46.305795999999994,18.06549137140305,-0.5000000000000004,0.8660254037844384
2018-11-21,24.07826,26.113043,48.286957,133.61035,124.109695,126.108696,98.478264,353.4087,40.21304266666666,18.427281989078956,-0.5000000000000004,0.8660254037844384
2018-12-01,13.66087,24.07826,26.113043,81.549416,133.61035,124.109695,63.852173,338.913,37.19999933333333,21.33805850677184,-2.4492935982947064e-16,1.0
2018-12-11,5.156522,13.66087,24.07826,63.214867,81.549416,133.61035,42.89565,320.7304,25.840579666666667,15.652334948057472,-2.4492935982947064e-16,1.0
2018-12-21,8.295652,5.156522,13.66087,102.21044,63.214867,81.549416,27.113043,268.3913,20.931883999999997,15.788908507741015,-2.4492935982947064e-16,1.0
2019-01-01,2.8521738,8.295652,5.156522,61.409073,102.21044,63.214867,16.304348,239.50435,13.359420133333328,9.807862227192125,0.49999999999999994,0.8660254037844387
2019-01-11,3.4,2.8521738,8.295652,89.15825,61.409073,102.21044,14.547827,169.59131,9.573912966666661,8.142795262705402,0.49999999999999994,0.8660254037844387
2019-01-21,6.695652,3.4,2.8521738,144.40627,89.15825,61.409073,12.947826,138.53912,6.676811633333327,3.9768002204523887,0.49999999999999994,0.8660254037844387
2019-02-01,4.156522,6.695652,3.4,76.81832,144.40627,89.15825,14.252173,94.40871,5.092753633333328,2.078174682246368,0.8660254037844386,0.5000000000000001
2019-02-11,18.373913,4.156522,6.695652,184.45491,76.81832,144.40627,29.226086,86.66957,7.29565213333333,5.811413028860434,0.8660254037844386,0.5000000000000001
2019-02-21,15.582608,18.373913,4.156522,108.060814,184.45491,76.81832,38.11304,78.17391,8.510144799999994,6.74812996523434,0.8660254037844386,0.5000000000000001
2019-03-01,18.765217,15.582608,18.373913,141.25977,108.060814,184.45491,52.721737,83.27826,11.162318666666662,7.192162439971165,1.0,6.123233995736766e-17
2019-03-11,20.382608,18.765217,15.582608,95.66624,141.25977,108.060814,54.73043,98.50434,13.992753333333331,6.860437080952575,1.0,6.123233995736766e-17
2019-03-21,26.721739,20.382608,18.765217,91.938576,95.66624,141.25977,65.86957,116.93043,17.330434499999996,7.446699665219279,1.0,6.123233995736766e-17
2019-04-01,24.495651,26.721739,20.382608,81.89939,91.938576,95.66624,71.6,138.57391,20.72028933333333,4.1498997989748485,0.8660254037844387,-0.4999999999999998
2019-04-11,28.904348,24.495651,26.721739,89.06911,81.89939,91.938576,80.12174,164.07826,22.475361833333327,5.081338390383649,0.8660254037844387,-0.4999999999999998
2019-04-21,30.713043,28.904348,24.495651,87.37802,89.06911,81.89939,84.113045,188.09564,24.997100999999997,4.717930144384303,0.8660254037844387,-0.4999999999999998
2019-05-01,34.32174,30.713043,28.904348,100.9405,87.37802,89.06911,93.93913,218.26086,27.589854833333323,4.88001237469179,0.49999999999999994,-0.8660254037844387
2019-05-11,53.29565,34.32174,30.713043,120.561806,100.9405,87.37802,118.33043,253.18262,33.075361833333325,10.46299555421349,0.49999999999999994,-0.8660254037844387
2019-05-21,77.55652,53.29565,34.32174,152.71849,120.561806,100.9405,165.1739,315.15652,41.54782533333333,20.27254528678734,0.49999999999999994,-0.8660254037844387
2019-06-01,90.165215,77.55652,53.29565,155.89447,152.71849,120.561806,221.0174,386.55652,52.49275266666666,26.11132238910408,1.2246467991473532e-16,-1.0
2019-06-11,60.573914,90.165215,77.55652,92.54805,155.89447,152.71849,228.29565,426.74783,57.77101366666667,23.45522493267054,1.2246467991473532e-16,-1.0
2019-06-21,25.886957,60.573914,90.165215,50.045555,92.54805,155.89447,176.6261,425.91306,56.966666,24.622409813511894,1.2246467991473532e-16,-1.0
2019-07-01,72.03478,25.886957,60.573914,147.74603,50.045555,92.54805,158.49565,473.45218,63.25217266666667,22.398772942971146,-0.4999999999999997,-0.8660254037844388
2019-07-11,21.713043,72.03478,25.886957,59.876812,147.74603,50.045555,119.63478,466.26086,57.988404833333334,28.173209209413034,-0.4999999999999997,-0.8660254037844388
2019-07-21,49.791306,21.713043,72.03478,212.75182,59.876812,147.74603,143.53912,485.3391,53.36086916666667,26.549747139348252,-0.4999999999999997,-0.8660254037844388
2019-08-01,7.269565,49.791306,21.713043,50.18971,212.75182,59.876812,78.77391,458.28696,39.54492749999999,25.095865590016338,-0.8660254037844384,-0.5000000000000004
2019-08-11,6.130435,7.269565,49.791306,76.652824,50.18971,212.75182,63.191307,411.12173,30.471014333333326,25.804290276769756,-0.8660254037844384,-0.5000000000000004
2019-08-21,5.53913,6.130435,7.269565,62.9229,76.652824,50.18971,18.939129,339.10434,27.079709833333325,27.78807867033659,-0.8660254037844384,-0.5000000000000004
2019-09-01,13.991304,5.53913,6.130435,78.40978,62.9229,76.652824,25.66087,262.93042,17.405797166666662,17.027783747854166,-1.0,-1.8369701987210297e-16
2019-09-11,38.330433,13.991304,5.53913,183.76152,78.40978,62.9229,57.860867,240.68694,20.175362166666662,19.094460836441183,-1.0,-1.8369701987210297e-16
2019-09-21,25.791304,38.330433,13.991304,91.9573,183.76152,78.40978,78.113045,240.59128,16.175361833333326,13.277249946492393,-1.0,-1.8369701987210297e-16
2019-10-01,24.539131,25.791304,38.330433,86.167244,91.9573,183.76152,88.660866,193.09564,19.053622833333325,12.824663191211746,-0.8660254037844386,0.5000000000000001
2019-10-11,52.443478,24.539131,25.791304,154.20168,86.167244,91.9573,102.77391,223.82608,26.77246333333333,16.80922712160688,-0.8660254037844386,0.5000000000000001
2019-10-21,36.97391,52.443478,24.539131,99.005905,154.20168,86.167244,113.95651,211.00868,32.01159333333333,13.425905949587296,-0.8660254037844386,0.5000000000000001
2019-11-01,63.217392,36.97391,52.443478,161.44301,99.005905,154.20168,152.63478,266.9565,40.215941333333326,15.142508636105681,-0.5000000000000004,0.8660254037844384
2019-11-11,30.686956,63.217392,36.97391,142.35503,161.44301,99.005905,130.87825,291.51303,38.94202849999999,15.64600354939817,-0.5000000000000004,0.8660254037844384
2019-11-21,13.991304,30.686956,63.217392,87.262276,142.35503,161.44301,107.89565,299.9652,36.975361833333324,18.167980442923398,-0.5000000000000004,0.8660254037844384
2019-12-01,33.2,13.991304,30.686956,166.9369,87.262276,142.35503,77.878265,319.17392,38.418839999999996,17.30589096925676,-2.4492935982947064e-16,1.0
2019-12-11,13.373913,33.2,13.991304,114.360466,166.9369,87.262276,60.56522,294.21738,31.907245833333324,18.295475162209367,-2.4492935982947064e-16,1.0
2019-12-21,6.0347824,13.373913,33.2,84.82998,114.360466,166.9369,52.608696,274.46085,26.750724566666662,20.774008115647668,-2.4492935982947064e-16,1.0
2020-01-01,3.921739,6.0347824,13.373913,69.77377,84.82998,114.360466,23.330435,253.84346,16.86811573333333,12.354319650540505,0.49999999999999994,0.8660254037844387
2020-01-11,1.2,3.921739,6.0347824,65.80728,69.77377,84.82998,11.156522,202.59998,11.953623066666664,11.599673662925323,0.49999999999999994,0.8660254037844387
2020-01-21,4.852174,1.2,3.921739,121.64483,65.80728,69.77377,9.973913,170.47827,10.43043473333333,11.875352327399739,0.49999999999999994,0.8660254037844387
2020-02-01,1.6086956,4.852174,1.2,55.443424,121.64483,65.80728,7.660869,108.86957,5.165217333333328,4.430685224373564,0.8660254037844386,0.5000000000000001
2020-02-11,1.9304348,1.6086956,4.852174,54.69143,55.443424,121.64483,8.391304,80.113045,3.2579709666666616,1.97030246705625,0.8660254037844386,0.5000000000000001
2020-02-21,4.121739,1.9304348,1.6086956,47.890068,54.69143,55.443424,7.6608696,70.24348,2.939130399999995,1.5385653509580843,0.8660254037844386,0.5000000000000001
2020-03-01,3.6347826,4.121739,1.9304348,51.324905,47.890068,54.69143,9.686956,40.67826,2.891304333333329,1.5060282216809855,1.0,6.123233995736766e-17
2020-03-11,26.278261,3.6347826,4.121739,117.88676,51.324905,47.890068,34.034782,53.58261,7.071014499999996,9.493260497206077,1.0,6.123233995736766e-17
2020-03-21,12.939131,26.278261,3.6347826,51.992672,117.88676,51.324905,42.852173,60.48696,8.418840666666663,9.687328839044225,1.0,6.123233995736766e-17
2020-04-01,18.58261,12.939131,26.278261,65.48089,51.992672,117.88676,57.800003,75.14783,11.247826399999994,9.778822728065265,0.8660254037844387,-0.4999999999999998
2020-04-11,16.93913,18.58261,12.939131,57.635643,65.48089,51.992672,48.46087,90.88696,13.749275599999995,8.788179920474608,0.8660254037844387,-0.4999999999999998
2020-04-21,40.260868,16.93913,18.58261,110.738396,57.635643,65.48089,75.78261,126.295654,19.772463766666664,12.479285460523121,0.8660254037844387,-0.4999999999999998
2020-05-01,46.886955,40.260868,16.93913,133.1959,110.738396,57.635643,104.08695,171.57391,26.98115916666666,13.723279296230537,0.49999999999999994,-0.8660254037844387
2020-05-11,55.70435,46.886955,40.260868,125.54326,133.1959,110.738396,142.85217,225.34784,31.885507333333326,18.010296018598943,0.49999999999999994,-0.8660254037844387
2020-05-21,50.33913,55.70435,46.886955,102.36998,125.54326,133.1959,152.93044,271.56522,38.1188405,16.554746585479467,0.49999999999999994,-0.8660254037844387
2020-06-01,91.4087,50.33913,55.70435,157.93149,102.36998,125.54326,197.45218,359.33914,50.25652216666666,24.267274665605964,1.2246467991473532e-16,-1.0
2020-06-11,74.0,91.4087,50.33913,111.497025,157.93149,102.36998,215.74783,407.06088,59.76666716666667,19.264215892624218,1.2246467991473532e-16,-1.0
2020-06-21,58.652172,74.0,91.4087,103.134415,111.497025,157.93149,224.06087,452.7739,62.831884499999994,16.85195908095532,1.2246467991473532e-16,-1.0
2020-07-01,35.747826,58.652172,74.0,78.150795,103.134415,111.497025,168.4,469.93912,60.975362999999994,19.383333252682014,-0.4999999999999997,-0.8660254037844388
2020-07-11,23.721739,35.747826,58.652172,64.37927,78.150795,103.134415,118.121735,476.72174,55.644927833333334,24.771498657181127,-0.4999999999999997,-0.8660254037844388
2020-07-21,4.252174,23.721739,35.747826,35.92572,64.37927,78.150795,63.72174,440.71304,47.96376849999999,32.641072691670864,-0.4999999999999997,-0.8660254037844388
2020-08-01,6.347826,4.252174,23.721739,46.419254,35.92572,64.37927,34.32174,400.17392,33.78695616666666,28.16285028838884,-0.8660254037844384,-0.5000000000000004
2020-08-11,3.826087,6.347826,4.252174,60.7833,46.419254,35.92572,14.426087,348.29565,22.091303999999994,22.025284520703135,-0.8660254037844384,-0.5000000000000004
2020-08-21,5.226087,3.826087,6.347826,61.053913,60.7833,46.419254,15.4,303.1826,13.186956499999994,13.398356915896503,-0.8660254037844384,-0.5000000000000004
2020-09-01,4.0695653,5.226087,3.826087,37.445698,61.053913,60.7833,13.121738,215.84346,7.907246383333329,7.803355642675457,-1.0,-1.8369701987210297e-16
2020-09-11,10.834783,4.0695653,5.226087,67.154274,37.445698,61.053913,20.130436,152.67825,5.759420383333328,2.6553776074991435,-1.0,-1.8369701987210297e-16
2020-09-21,52.27826,10.834783,4.0695653,171.0598,67.154274,37.445698,67.18261,146.30435,13.763768049999996,19.039791539824623,-1.0,-1.8369701987210297e-16
2020-10-01,12.878261,52.27826,10.834783,52.15186,171.0598,67.154274,75.9913,123.43478,14.852173883333329,18.714959108148346,-0.8660254037844386,0.5000000000000001
2020-10-11,72.77391,12.878261,52.27826,208.77682,52.15186,171.0598,137.93042,172.48694,26.343477716666666,28.956177275905674,-0.8660254037844386,0.5000000000000001
2020-10-21,33.286957,72.77391,12.878261,90.3093,208.77682,52.15186,118.939125,201.52173,31.020289383333324,27.067816025136867,-0.8660254037844386,0.5000000000000001
2020-11-01,38.8,33.286957,72.77391,103.6569,90.3093,208.77682,144.86087,233.9739,36.80869516666666,23.64944752606804,-0.5000000000000004,0.8660254037844384
2020-11-11,19.18261,38.8,33.286957,96.46425,103.6569,90.3093,91.26957,249.33041,38.19999966666666,22.004100696151063,-0.5000000000000004,0.8660254037844384
2020-11-21,19.208696,19.18261,38.8,111.23543,96.46425,103.6569,77.19131,263.31305,32.68840566666666,21.913960973102082,-0.5000000000000004,0.8660254037844384
2020-12-01,9.252174,19.208696,19.18261,62.28308,111.23543,96.46425,47.64348,268.49567,32.084057833333326,22.608547643980522,-2.4492935982947064e-16,1.0
2020-12-11,3.1826086,9.252174,19.208696,50.929104,62.28308,111.23543,31.643478,260.84348,20.485507599999995,13.625003678542686,-2.4492935982947064e-16,1.0
2020-12-21,18.243479,3.1826086,9.252174,178.68443,50.929104,62.28308,30.67826,226.80869,17.97826126666666,12.096573950072697,-2.4492935982947064e-16,1.0
2021-01-01,10.495652,18.243479,3.1826086,121.18602,178.68443,50.929104,31.921738,224.4261,13.26086993333333,6.641648263126431,0.49999999999999994,0.8660254037844387
2021-01-11,9.217391,10.495652,18.243479,150.9045,121.18602,178.68443,37.956524,160.86957,11.600000099999995,6.087515800438432,0.49999999999999994,0.8660254037844387
2021-01-21,5.4869566,9.217391,10.495652,129.4825,150.9045,121.18602,25.2,133.06956,9.313043533333328,5.16498341933904,0.49999999999999994,0.8660254037844387
2021-02-01,4.382609,5.4869566,9.217391,78.71507,129.4825,150.9045,19.086956,98.65217,8.501449366666662,5.545063347689187,0.8660254037844386,0.5000000000000001
2021-02-11,11.286957,4.382609,5.4869566,128.52829,78.71507,129.4825,21.156523,90.756516,9.852174099999994,4.944914144698606,0.8660254037844386,0.5000000000000001
2021-02-21,14.852174,11.286957,4.382609,104.22596,128.52829,78.71507,30.52174,86.4,9.286956599999995,3.8711769691813522,0.8660254037844386,0.5000000000000001
2021-03-01,12.8,14.852174,11.286957,105.80269,104.22596,128.52829,38.93913,89.94783,9.671014599999994,4.121300321736302,1.0,6.123233995736766e-17
2021-03-11,7.173913,12.8,14.852174,45.883087,105.80269,104.22596,34.826088,93.93914,9.330434933333327,4.248749385028114,1.0,6.123233995736766e-17
2021-03-21,35.947826,7.173913,12.8,118.678375,45.883087,105.80269,55.921738,111.64348,14.407246499999994,11.218987869503215,1.0,6.123233995736766e-17
2021-04-01,28.904348,35.947826,7.173913,94.140854,118.678375,45.883087,72.026085,130.05217,18.494202999999995,11.302935533549158,0.8660254037844387,-0.4999999999999998
2021-04-11,13.417392,28.904348,35.947826,48.38379,94.140854,118.678375,78.26956,134.25218,18.849275499999994,11.062141876883592,0.8660254037844387,-0.4999999999999998
2021-04-21,13.860869,13.417392,28.904348,46.14632,48.38379,94.140854,56.18261,142.6261,18.684057999999997,11.140902230929152,0.8660254037844387,-0.4999999999999998
2021-05-01,17.930435,13.860869,13.417392,58.86336,46.14632,48.38379,45.208694,156.1739,19.539130499999995,10.790342235469991,0.49999999999999994,-0.8660254037844387
2021-05-11,24.86087,17.930435,13.860869,61.755554,58.86336,46.14632,56.652176,169.74783,22.486956666666657,9.004906003097217,0.49999999999999994,-0.8660254037844387
2021-05-21,9.521739,24.86087,17.930435,26.863272,61.755554,58.86336,52.313046,164.4174,18.082608833333328,7.429049031149651,0.49999999999999994,-0.8660254037844387
2021-06-01,24.086956,9.521739,24.86087,47.648666,26.863272,61.755554,58.469566,175.70435,17.27971016666666,6.181069749307291,1.2246467991473532e-16,-1.0
2021-06-11,36.06087,24.086956,9.521739,57.95145,47.648666,26.863272,69.66957,204.59131,21.05362316666666,9.41687913593715,1.2246467991473532e-16,-1.0
2021-06-21,36.31304,36.06087,24.086956,66.93874,57.95145,47.648666,96.46087,204.95651,24.79565166666666,10.396975417174767,1.2246467991473532e-16,-1.0
2021-07-01,84.14783,36.31304,36.06087,170.97781,66.93874,57.95145,156.52174,260.19998,35.83188416666666,25.63296625595197,-0.4999999999999997,-0.8660254037844388
2021-07-11,63.8,84.14783,36.31304,154.21399,170.97781,66.93874,184.26086,310.58258,42.32173916666667,27.18230247528438,-0.4999999999999997,-0.8660254037844388
2021-07-21,29.460869,63.8,84.14783,133.80978,154.21399,170.97781,177.40869,326.18262,45.644927499999994,23.313894250454865,-0.4999999999999997,-0.8660254037844388
2021-08-01,8.791305,29.460869,63.8,56.414516,133.80978,154.21399,102.05217,317.04346,43.09565233333333,26.728781710105523,-0.8660254037844384,-0.5000000000000004
2021-08-11,6.3913045,8.791305,29.460869,78.44937,56.414516,133.80978,44.64348,298.57388,38.150724749999995,30.734820621239482,-0.8660254037844384,-0.5000000000000004
2021-08-21,14.817391,6.3913045,8.791305,118.3179,78.44937,56.414516,30.0,303.86954,34.56811658333333,32.20932437693205,-0.8660254037844384,-0.5000000000000004
2021-09-01,23.043478,14.817391,6.3913045,115.783676,118.3179,78.44937,44.252174,302.82608,24.384057916666663,21.164035014775244,-1.0,-1.8369701987210297e-16
2021-09-11,62.086956,23.043478,14.817391,284.51138,115.783676,118.3179,99.94783,328.85217,24.09855058333333,20.527955755380873,-1.0,-1.8369701987210297e-16
2021-09-21,44.556522,62.086956,23.043478,147.99905,284.51138,115.783676,129.68695,337.09564,26.614492749999997,22.175568462800367,-1.0,-1.8369701987210297e-16
2021-10-01,72.113045,44.556522,62.086956,224.94295,147.99905,284.51138,178.75653,325.06085,37.16811608333333,26.61938250878366,-0.8660254037844386,0.5000000000000001
2021-10-11,56.13913,72.113045,44.556522,164.12231,224.94295,147.99905,172.8087,317.4,45.459420333333334,22.55291780031414,-0.8660254037844386,0.5000000000000001
2021-10-21,29.017391,56.13913,72.113045,80.23847,164.12231,224.94295,157.26956,316.9565,47.826087,19.188382979320046,-0.8660254037844386,0.5000000000000001
2021-11-01,54.29565,29.017391,56.13913,140.32884,80.23847,164.12231,139.45218,362.46088,53.03478233333333,14.87188421765346,-0.5000000000000004,0.8660254037844384
2021-11-11,44.652172,54.29565,29.017391,198.06216,140.32884,80.23847,127.96521,400.72174,50.128985,14.446654006869707,-0.5000000000000004,0.8660254037844384
2021-11-21,17.069565,44.652172,54.29565,101.40643,198.06216,140.32884,116.01739,402.97388,45.547825499999995,19.897134631068944,-0.5000000000000004,0.8660254037844384
2021-12-01,12.46087,17.069565,44.652172,76.30532,101.40643,198.06216,74.18261,392.3913,35.60579633333333,18.843841997348196,-2.4492935982947064e-16,1.0
2021-12-11,2.2608695,12.46087,17.069565,45.19214,76.30532,101.40643,31.791304,332.5652,26.626086249999997,19.909329979055048,-2.4492935982947064e-16,1.0
2021-12-21,2.8434782,2.2608695,12.46087,60.296803,45.19214,76.30532,17.565216,290.85214,22.26376745,22.034619381555267,-2.4492935982947064e-16,1.0
2022-01-01,13.060869,2.8434782,2.2608695,141.24767,60.296803,45.19214,18.165216,231.8,15.391303949999996,15.510574259395321,0.49999999999999994,0.8660254037844387
2022-01-11,2.0086956,13.060869,2.8434782,74.39084,141.24767,60.296803,17.913044,177.66956,8.284057883333329,6.67394480915409,0.49999999999999994,0.8660254037844387
2022-01-21,1.3478261,2.0086956,13.060869,78.37663,74.39084,141.24767,16.41739,149.99998,5.663768066666662,5.521564276422694,0.49999999999999994,0.8660254037844387
2022-02-01,1.7652174,1.3478261,2.0086956,56.756557,78.37663,74.39084,5.121739,97.46957,3.8811592999999953,4.524827042259178,0.8660254037844386,0.5000000000000001
2022-02-11,2.6608696,1.7652174,1.3478261,60.455643,56.756557,78.37663,5.7739134,55.47826,3.947825983333329,4.499053234798222,0.8660254037844386,0.5000000000000001
2022-02-21,12.130435,2.6608696,1.7652174,89.936554,60.455643,56.756557,16.556522,50.53913,5.495652116666662,5.523917303990791,0.8660254037844386,0.5000000000000001
2022-03-01,4.173913,12.130435,2.6608696,54.529476,89.936554,60.455643,18.965218,42.25217,4.014492783333329,4.096823205435591,1.0,6.123233995736766e-17
2022-03-11,18.695652,4.173913,12.130435,89.30815,54.529476,89.936554,35.0,58.686954,6.7956521833333285,7.057250595496443,1.0,6.123233995736766e-17
2022-03-21,9.373913,18.695652,4.173913,41.659664,89.30815,54.529476,32.243477,65.21739,8.133333333333328,6.561344442845436,1.0,6.123233995736766e-17
2022-04-01,21.07826,9.373913,18.695652,72.41046,41.659664,89.30815,49.147827,73.23478,11.352173766666661,7.484768906809698,0.8660254037844387,-0.4999999999999998
2022-04-11,32.069565,21.07826,9.373913,97.38435,72.41046,41.659664,62.521736,103.295654,16.253622999999994,9.89580852500228,0.8660254037844387,-0.4999999999999998
2022-04-21,59.226086,32.069565,21.07826,157.14003,97.38435,72.41046,112.37392,161.1739,24.102898166666662,19.746393619941134,0.8660254037844387,-0.4999999999999998
2022-05-01,85.391304,59.226086,32.069565,232.03815,157.14003,97.38435,176.68695,244.79999,37.639129999999994,29.014917236869447,0.49999999999999994,-0.8660254037844387
2022-05-11,70.930435,85.391304,59.226086,157.03247,232.03815,157.14003,215.54782,313.06958,46.34492716666666,30.01345470063587,0.49999999999999994,-0.8660254037844387
2022-05-21,24.782608,70.930435,85.391304,55.09383,157.03247,232.03815,181.10435,325.72174,48.913042999999995,26.69285942370519,0.49999999999999994,-0.8660254037844387
2022-06-01,110.22609,24.782608,70.930435,188.75711,55.09383,157.03247,205.93913,431.77386,63.771014666666666,32.31873257586296,1.2246467991473532e-16,-1.0
2022-06-11,58.191303,110.22609,24.782608,89.18534,188.75711,55.09383,193.2,471.26956,68.12463766666666,28.75736235647799,1.2246467991473532e-16,-1.0
2022-06-21,50.35652,58.191303,110.22609,89.69313,89.18534,188.75711,218.77391,512.2522,66.64637666666667,29.52402309529085,1.2246467991473532e-16,-1.0
2022-07-01,89.26956,50.35652,58.191303,180.80086,89.69313,89.18534,197.81738,580.4435,67.29275266666666,30.054181108317508,-0.4999999999999997,-0.8660254037844388
2022-07-11,23.069565,89.26956,50.35652,62.917435,180.80086,89.69313,162.69565,571.4435,59.31594099999999,34.86244242421322,-0.4999999999999997,-0.8660254037844388
2022-07-21,13.269566,23.069565,89.26956,70.93979,62.917435,180.80086,125.60869,525.487,57.39710066666666,37.36997546724024,-0.4999999999999997,-0.8660254037844388
2022-08-01,12.46087,13.269566,23.069565,71.42518,70.93979,62.917435,48.8,452.5565,41.10289733333333,30.390563242720784,-0.8660254037844384,-0.5000000000000004
2022-08-11,4.478261,12.46087,13.269566,65.27467,71.42518,70.93979,30.208694,386.10434,32.150723666666664,32.20693580339633,-0.8660254037844384,-0.5000000000000004
2022-08-21,9.782609,4.478261,12.46087,88.2582,65.27467,71.42518,26.72174,371.10437,25.38840516666666,31.877708179410092,-0.8660254037844384,-0.5000000000000004
2022-09-01,27.234783,9.782609,4.478261,133.08841,88.2582,65.27467,41.49565,288.11304,15.049275666666661,8.51073403666981,-1.0,-1.8369701987210297e-16
2022-09-11,20.208696,27.234783,9.782609,106.90843,133.08841,88.2582,57.22609,250.13043,14.572464166666663,8.038575136939256,-1.0,-1.8369701987210297e-16
2022-09-21,23.782608,20.208696,27.234783,85.95839,106.90843,133.08841,71.22609,223.55652,16.32463783333333,8.806838043362811,-1.0,-1.8369701987210297e-16
2022-10-01,77.08696,23.782608,20.208696,239.45212,85.95839,106.90843,121.07826,211.37392,27.095652833333332,25.95705873185421,-0.8660254037844386,0.5000000000000001
2022-10-11,40.304348,77.08696,23.782608,121.61531,239.45212,85.95839,141.17392,228.6087,33.06666733333333,23.739627712972958,-0.8660254037844386,0.5000000000000001
2022-10-21,21.991304,40.304348,77.08696,63.6657,121.61531,239.45212,139.38261,237.33044,35.10144983333333,21.78772076796563,-0.8660254037844386,0.5000000000000001
2022-11-01,43.70435,21.991304,40.304348,115.26352,63.6657,121.61531,106.0,268.5739,37.84637766666666,21.635348634417337,-0.5000000000000004,0.8660254037844384
2022-11-11,24.565218,43.70435,21.991304,117.93544,115.26352,63.6657,90.26087,288.6609,38.57246466666666,20.988471722311417,-0.5000000000000004,0.8660254037844384
2022-11-21,16.81739,24.565218,43.70435,100.24773,117.93544,115.26352,85.08696,295.69565,37.411595,22.13159474337585,-0.5000000000000004,0.8660254037844384
2022-12-01,20.026087,16.81739,24.565218,109.36589,100.24773,117.93544,61.40869,288.48697,27.901449499999995,11.265003554131109,-2.4492935982947064e-16,1.0
2022-12-11,23.52174,20.026087,16.81739,177.52121,109.36589,100.24773,60.365215,291.8,25.104348166666664,9.517445395298177,-2.4492935982947064e-16,1.0
2022-12-21,10.191304,23.52174,20.026087,116.78329,177.52121,109.36589,53.739132,278.2087,23.137681499999996,11.334990162581358,-2.4492935982947064e-16,1.0
2023-01-01,2.9130435,10.191304,23.52174,61.885113,116.78329,177.52121,36.626087,204.03477,16.339130416666663,8.380171334466633,0.49999999999999994,0.8660254037844387
2023-01-11,2.9913044,2.9130435,10.191304,84.82033,61.885113,116.78329,16.095652,166.72173,12.743478149999996,8.764245650150459,0.49999999999999994,0.8660254037844387
2023-01-21,2.0695653,2.9913044,2.9130435,87.28795,84.82033,61.885113,7.973913,146.79999,10.285507366666662,9.435528015097102,0.49999999999999994,0.8660254037844387
2023-02-01,8.33913,2.0695653,2.9913044,111.90817,87.28795,84.82033,13.4,111.434784,8.337681199999997,8.139917410210854,0.8660254037844386,0.5000000000000001
2023-02-11,5.8347826,8.33913,2.0695653,85.50253,111.90817,87.28795,16.243477,92.70434,5.389854966666662,3.3124631310771395,0.8660254037844386,0.5000000000000001
2023-02-21,8.182609,5.8347826,8.33913,69.21005,85.50253,111.90817,22.356522,84.069565,5.055072466666662,2.790524908001777,0.8660254037844386,0.5000000000000001
2023-03-01,15.095653,8.182609,5.8347826,119.448,69.21005,85.50253,29.113045,79.13913,7.085507383333329,4.6994493285551675,1.0,6.123233995736766e-17
2023-03-11,54.782608,15.095653,8.182609,225.31873,119.448,69.21005,78.06087,110.4,15.717391316666664,19.604175614877256,1.0,6.123233995736766e-17
2023-03-21,26.721739,54.782608,15.095653,91.938576,225.31873,119.448,96.6,126.930435,19.82608693333333,18.735862630937074,1.0,6.123233995736766e-17
2023-04-01,46.95652,26.721739,54.782608,144.2656,91.938576,225.31873,128.46088,170.9739,26.262318599999997,20.546155324154075,0.8660254037844387,-0.4999999999999998
2023-04-11,48.008698,46.95652,26.721739,139.25757,144.2656,91.938576,121.68696,215.9913,33.291304499999995,19.338580228674356,0.8660254037844387,-0.4999999999999998
2023-04-21,36.886955,48.008698,46.95652,102.48354,139.25757,144.2656,131.85217,250.80872,38.07536216666666,14.933601659096487,0.8660254037844387,-0.4999999999999998
2023-05-01,59.64348,36.886955,48.008698,165.94243,102.48354,139.25757,144.53912,302.11304,45.5,12.011889812296976,0.49999999999999994,-0.8660254037844387
2023-05-11,33.443478,59.64348,36.886955,79.50533,165.94243,102.48354,129.9739,329.72174,41.943478333333324,11.87204546466889,0.49999999999999994,-0.8660254037844387
2023-05-21,91.339134,33.443478,59.64348,178.21448,79.50533,165.94243,184.42609,412.87827,52.71304416666666,21.057328788584577,0.49999999999999994,-0.8660254037844387
2023-06-01,42.086956,91.339134,33.443478,77.13529,178.21448,79.50533,166.86957,439.86957,51.901450166666656,21.414385580128627,1.2246467991473532e-16,-1.0
2023-06-11,106.71304,42.086956,91.339134,157.66673,77.13529,178.21448,240.13913,491.8,61.68550716666667,30.684425304128098,1.2246467991473532e-16,-1.0
2023-06-21,25.878262,106.71304,42.086956,50.031464,157.66673,77.13529,174.67827,490.9565,59.850725000000004,32.725103038772126,1.2246467991473532e-16,-1.0
2023-07-01,42.147827,25.878262,106.71304,90.425446,50.031464,157.66673,174.73914,486.14783,56.93478283333334,33.51714540137205,-0.4999999999999997,-0.8660254037844388
2023-07-11,43.95652,42.147827,25.878262,109.735176,90.425446,50.031464,111.98261,482.09564,58.68695649999999,32.296031977111696,-0.4999999999999997,-0.8660254037844388
2023-07-21,53.547825,43.95652,42.147827,227.3382,109.735176,90.425446,139.65218,498.7565,52.388405,28.06201660047611,-0.4999999999999997,-0.8660254037844388
2023-08-01,16.669565,53.547825,43.95652,88.64121,227.3382,109.735176,114.17391,455.7826,48.152173166666664,31.620960127733333,-0.8660254037844384,-0.5000000000000004
2023-08-11,6.173913,16.669565,53.547825,76.95225,88.64121,227.3382,76.391304,428.51303,31.395652,18.152348551599527,-0.8660254037844384,-0.5000000000000004
2023-08-21,47.513042,6.173913,16.669565,313.52426,76.95225,88.64121,70.35652,384.68695,35.00144866666666,18.967640022341826,-0.8660254037844384,-0.5000000000000004
2023-09-01,12.965218,47.513042,6.173913,74.17336,313.52426,76.95225,66.652176,355.5652,30.1376805,20.452110571394076,-1.0,-1.8369701987210297e-16
2023-09-11,34.347828,12.965218,47.513042,166.87155,74.17336,313.52426,94.82609,283.20004,28.53623183333333,19.50805640742221,-1.0,-1.8369701987210297e-16
2023-09-21,43.582607,34.347828,12.965218,145.0905,166.87155,74.17336,90.89565,300.9044,26.875362166666662,17.245776344364153,-1.0,-1.8369701987210297e-16
2023-10-01,55.391304,43.582607,34.347828,176.1647,145.0905,166.87155,133.32175,314.1478,33.32898533333333,19.729111179016826,-0.8660254037844386,0.5000000000000001
2023-10-11,33.373913,55.391304,43.582607,103.0112,176.1647,145.0905,132.34782,303.56522,37.86231866666666,14.73422232742555,-0.8660254037844386,0.5000000000000001
2023-10-21,49.826088,33.373913,55.391304,129.32095,103.0112,176.1647,138.59131,299.8435,38.24782633333333,15.063798702905835,-0.8660254037844386,0.5000000000000001
2023-11-01,41.84348,49.826088,33.373913,110.85959,129.32095,103.0112,125.04347,325.0174,43.060869999999994,8.594373298138374,-0.5000000000000004,0.8660254037844384
2023-11-11,34.626087,41.84348,49.826088,158.06818,110.85959,129.32095,126.295654,353.46957,43.107246499999995,8.538522361902917,-0.5000000000000004,0.8660254037844384
2023-11-21,11.243478,34.626087,41.84348,74.636406,158.06818,110.85959,87.71304,317.2,37.717391666666664,15.526122408984017,-0.5000000000000004,0.8660254037844384
2023-12-01,57.713043,11.243478,34.626087,274.06076,74.636406,158.06818,103.58261,361.94785,38.10434816666666,16.073971932128707,-2.4492935982947064e-16,1.0
2023-12-11,5.2608695,57.713043,11.243478,63.864338,274.06076,74.636406,74.21739,332.86087,33.41884091666666,21.054482056309286,-2.4492935982947064e-16,1.0
2023-12-21,1.9391304,5.2608695,57.713043,53.344624,63.864338,274.06076,64.91304,291.21738,25.43768131666666,22.609896237235624,-2.4492935982947064e-16,1.0
2024-01-01,1.9043478,1.9391304,5.2608695,53.99646,53.344624,63.864338,9.104347,237.73042,18.781159283333327,22.692945519609864,0.49999999999999994,0.8660254037844387
2024-01-11,8.034782,1.9043478,1.9391304,138.35219,53.99646,53.344624,11.878261,212.3913,14.349275116666663,21.547260561606247,0.49999999999999994,0.8660254037844387
2024-01-21,1.4434782,8.034782,1.9043478,79.55765,138.35219,53.99646,11.382608,164.0087,12.715941816666662,22.191571106434875,0.49999999999999994,0.8660254037844387
2024-02-01,4.304348,1.4434782,8.034782,78.05851,79.55765,138.35219,13.782609,126.469574,3.814492649999995,2.5663262806092266,0.8660254037844386,0.5000000000000001
2024-02-11,1.3826087,4.304348,1.4434782,50.368267,78.05851,79.55765,7.130435,93.2261,3.1681158499999946,2.617074268770792,0.8660254037844386,0.5000000000000001
2024-02-21,15.782609,1.3826087,4.304348,109.11083,50.368267,78.05851,21.469566,97.76522,5.475362283333329,5.655441701788062,0.8660254037844386,0.5000000000000001
2024-03-01,5.573913,15.782609,1.3826087,62.85104,109.11083,50.368267,22.739132,45.626087,6.086956483333329,5.3839276968093435,1.0,6.123233995736766e-17
2024-03-11,37.81739,5.573913,15.782609,161.37737,62.85104,109.11083,59.173912,78.18261,11.050724483333331,14.143025260442903,1.0,6.123233995736766e-17
2024-03-21,74.026085,37.81739,5.573913,229.03995,161.37737,62.85104,117.41739,150.26956,23.147825616666665,28.269006115046086,1.0,6.123233995736766e-17
2024-04-01,46.35652,74.026085,37.81739,142.5996,229.03995,161.37737,158.2,194.72173,30.156520949999997,27.8729959577322,0.8660254037844387,-0.4999999999999998
2024-04-11,32.773914,46.35652,74.026085,99.23473,142.5996,229.03995,153.15652,219.46088,35.388405166666665,24.079852839112725,0.8660254037844387,-0.4999999999999998
2024-04-21,44.713043,32.773914,46.35652,121.63139,99.23473,142.5996,123.843475,262.73044,40.21014416666666,22.191273912309963,0.8660254037844387,-0.4999999999999998
2024-05-01,34.67826,44.713043,32.773914,101.855705,121.63139,99.23473,112.165215,293.10434,45.060868666666664,15.179059609930267,0.49999999999999994,-0.8660254037844387
2024-05-11,49.408695,34.67826,44.713043,112.52315,101.855705,121.63139,128.8,341.1304,46.99275283333333,14.80582186330058,0.49999999999999994,-0.8660254037844387
2024-05-21,80.8,49.408695,34.67826,158.7185,112.52315,101.855705,164.88696,406.14783,48.12173866666666,17.323643174127657,0.49999999999999994,-0.8660254037844387
2024-06-01,89.27826,80.8,49.408695,154.44151,158.7185,112.52315,219.48695,489.85217,55.275362,24.017661645843866,1.2246467991473532e-16,-1.0
2024-06-11,33.72174,89.27826,80.8,54.65011,154.44151,158.7185,203.8,485.75653,55.433333000000005,23.84254216677547,1.2246467991473532e-16,-1.0
2024-06-21,50.252174,33.72174,89.27826,89.52406,54.65011,154.44151,173.25217,461.98257,56.35652149999999,23.448412371554358,1.2246467991473532e-16,-1.0
2024-07-01,46.4,50.252174,33.72174,98.58075,89.52406,54.65011,130.37392,462.02606,58.31014483333333,21.70449560657252,-0.4999999999999997,-0.8660254037844388
2024-07-11,32.04348,46.4,50.252174,83.0323,98.58075,89.52406,128.69565,461.29565,55.415942333333334,24.148991992809616,-0.4999999999999997,-0.8660254037844388
2024-07-21,9.252174,32.04348,46.4,55.34046,83.0323,98.58075,87.695656,425.83478,43.49130466666666,26.643687033011126,-0.4999999999999997,-0.8660254037844388
2024-08-01,10.782609,9.252174,32.04348,64.56011,55.34046,83.0323,52.078262,401.93915,30.40869616666666,17.29691253430833,-0.8660254037844384,-0.5000000000000004
2024-08-11,5.3391304,10.782609,9.252174,71.203285,64.56011,55.34046,25.373913,357.8696,25.67826123333333,19.895530635970502,-0.8660254037844384,-0.5000000000000004
2024-08-21,5.269565,5.3391304,10.782609,61.31349,71.203285,64.56011,21.391304,282.33914,18.181159733333327,17.056137923381893,-0.8660254037844384,-0.5000000000000004
2024-09-01,5.669565,5.269565,5.3391304,44.051655,61.31349,71.203285,16.278261,198.73042,11.392753899999995,10.375948520828928,-1.0,-1.8369701987210297e-16
2024-09-11,9.2,5.669565,5.269565,60.221268,44.051655,61.31349,20.13913,174.20868,7.585507233333328,2.436655767979614,-1.0,-1.8369701987210297e-16
2024-09-21,21.208696,9.2,5.669565,78.271484,60.221268,44.051655,36.078262,145.16522,9.578260899999997,6.14285841710812,-1.0,-1.8369701987210297e-16
2024-10-01,11.686956,21.208696,9.2,48.676758,78.271484,60.221268,42.09565,110.45217,9.728985399999994,6.189238743053449,-0.8660254037844386,0.5000000000000001
2024-10-11,56.67826,11.686956,21.208696,165.56955,48.676758,78.271484,89.57391,135.08696,18.285506999999996,19.68355947632511,-0.8660254037844386,0.5000000000000001
2024-10-21,41.70435,56.67826,11.686956,110.16382,165.56955,48.676758,110.069565,167.53914,24.357971166666662,20.469446027036078,-0.8660254037844386,0.5000000000000001
2024-11-01,40.191303,41.70435,56.67826,106.949554,110.16382,165.56955,138.57391,196.94783,30.111594166666663,18.962088014805104,-0.5000000000000004,0.8660254037844384
2024-11-11,22.426086,40.191303,41.70435,109.402466,106.949554,110.16382,104.32174,214.03477,32.31594183333333,16.675858495330154,-0.5000000000000004,0.8660254037844384
2024-11-21,32.234783,22.426086,40.191303,171.08838,109.402466,106.949554,94.85217,241.0,34.153622999999996,15.791102096519873,-0.5000000000000004,0.8660254037844384
2024-12-01,7.382609,32.234783,22.426086,54.112934,171.08838,109.402466,62.04348,242.71304,33.43623183333333,17.062489215215997,-2.4492935982947064e-16,1.0
2024-12-11,2.6695652,7.382609,32.234783,47.735886,54.112934,171.08838,42.286957,236.18262,24.434782699999996,16.58844220849828,-2.4492935982947064e-16,1.0
2024-12-21,1.9739131,2.6695652,7.382609,53.61202,47.735886,54.112934,12.026087,216.94783,17.81304321666666,16.242230020976827,-2.4492935982947064e-16,1.0
2025-01-01,1.5217391,1.9739131,2.6695652,51.00421,53.61202,47.735886,6.1652174,206.78262,11.368115899999998,12.918573686442945,0.49999999999999994,0.8660254037844387
2025-01-11,5.373913,1.5217391,1.9739131,110.10952,51.00421,53.61202,8.869565,155.47827,8.526087066666664,11.82908896574178,0.49999999999999994,0.8660254037844387
2025-01-21,4.017391,5.373913,1.5217391,111.33777,110.10952,51.00421,10.913043,117.791306,3.8231883999999954,2.2431794821584345,0.49999999999999994,0.8660254037844387
2025-02-01,11.860869,4.017391,5.373913,141.45369,111.33777,110.10952,21.252174,89.46088,4.569565066666662,3.8406154869897464,0.8660254037844386,0.5000000000000001
2025-02-11,26.608696,11.860869,4.017391,249.43958,141.45369,111.33777,42.486958,93.64348,8.559420199999995,9.595324543629381,0.8660254037844386,0.5000000000000001
2025-02-21,10.173913,26.608696,11.860869,79.664604,249.43958,141.45369,48.64348,71.58261,9.926086849999995,9.03750277821975,0.8660254037844386,0.5000000000000001
2025-03-01,10.556521,10.173913,26.608696,92.467514,79.664604,249.43958,47.33913,74.756516,11.431883833333329,8.056576457976533,1.0,6.123233995736766e-17
2025-03-11,12.565217,10.556521,10.173913,66.202736,92.467514,79.664604,33.29565,84.65217,12.630434499999994,7.490105638265108,1.0,6.123233995736766e-17
2025-03-21,39.747826,12.565217,10.556521,129.69185,66.202736,92.467514,62.869564,122.42608,18.585506999999996,12.073934610653563,1.0,6.123233995736766e-17
2025-04-01,38.965218,39.747826,12.565217,122.07646,129.69185,66.202736,91.27826,159.86957,23.102898499999995,13.975481339392422,0.8660254037844387,-0.4999999999999998
2025-04-11,55.12174,38.965218,39.747826,157.94403,122.07646,129.69185,133.83478,209.61739,27.855072499999995,19.256100549550442,0.8660254037844387,-0.4999999999999998
2025-04-21,22.278261,55.12174,38.965218,66.74089,157.94403,122.07646,116.36522,227.87827,29.872463833333327,17.595711184054046,0.8660254037844387,-0.4999999999999998
2025-05-01,78.26956,22.278261,55.12174,213.75635,66.74089,157.94403,155.66956,294.28696,41.15797033333333,23.465048853215446,0.49999999999999994,-0.8660254037844387
2025-05-11,44.84348,78.26956,22.278261,103.08179,213.75635,66.74089,145.3913,312.52173,46.53768083333333,18.84373803871365,0.49999999999999994,-0.8660254037844387
2025-05-21,54.260868,44.84348,78.26956,109.62466,103.08179,213.75635,177.3739,356.60867,48.95652116666667,18.728977955900213,0.49999999999999994,-0.8660254037844387
2025-06-01,59.773914,54.260868,44.84348,106.10909,109.62466,103.08179,158.87827,405.82608,52.42463716666666,18.433100409690436,1.2246467991473532e-16,-1.0
2025-06-11,37.12174,59.773914,54.260868,59.44871,106.10909,109.62466,151.15652,430.3826,49.42463716666666,19.348386245724225,1.2246467991473532e-16,-1.0
2025-06-21,72.9913,37.12174,59.773914,126.36784,59.44871,106.10909,169.88696,463.6261,57.87681033333333,15.88475194801964,1.2246467991473532e-16,-1.0
2025-07-01,66.478264,72.9913,37.12174,137.08911,126.36784,59.44871,176.59131,491.13913,55.91159433333333,13.39085542378167,-0.4999999999999997,-0.8660254037844388
2025-07-11,10.747826,66.478264,72.9913,35.298473,137.08911,126.36784,150.2174,446.76523,50.22898533333333,22.891420182212805,-0.4999999999999997,-0.8660254037844388
2025-07-21,6.7565217,10.747826,66.478264,45.64997,35.298473,137.08911,83.98261,431.2435,42.31159428333333,28.696947991293808,-0.4999999999999997,-0.8660254037844388
2025-08-01,5.652174,6.7565217,10.747826,43.57363,45.64997,35.298473,23.15652,358.6261,33.291304283333325,30.55604953390901,-0.8660254037844384,-0.5000000000000004
2025-08-11,14.547826,5.652174,6.7565217,134.6215,43.57363,45.64997,26.95652,328.33044,29.528985283333327,31.369017486766193,-0.8660254037844384,-0.5000000000000004
2025-08-21,12.095653,14.547826,5.652174,102.068016,134.6215,43.57363,32.295654,286.16522,19.379710783333326,23.310846947880975,-0.8660254037844384,-0.5000000000000004
2025-09-01,6.5826087,12.095653,14.547826,47.821354,102.068016,134.6215,33.226086,232.97392,9.397101566666661,3.593191147981787,-1.0,-1.8369701987210297e-16
2025-09-11,13.043478,6.5826087,12.095653,76.52121,47.821354,102.068016,31.721739,208.89566,9.77971023333333,3.876812643850289,-1.0,-1.8369701987210297e-16
2025-09-21,37.904346,13.043478,6.5826087,128.13255,76.52121,47.821354,57.530434,173.8087,14.971014283333327,11.792421490430968,-1.0,-1.8369701987210297e-16
2025-10-01,40.513042,37.904346,13.043478,132.76402,128.13255,76.52121,91.46086,147.84348,20.781158949999995,14.548633835566866,-0.8660254037844386,0.5000000000000001
2025-10-11,71.77391,40.513042,37.904346,206.09242,132.76402,128.13255,150.1913,208.86957,30.31883961666666,24.79482138428455,-0.8660254037844386,0.5000000000000001
2025-10-21,56.886955,71.77391,40.513042,145.97577,206.09242,132.76402,169.17392,259.0,37.78405661666667,24.95323334883311,-0.8660254037844386,0.5000000000000001
2025-11-01,29.252174,56.886955,71.77391,81.06106,145.97577,206.09242,157.91302,282.59998,41.5623175,20.624889865788546,-0.5000000000000004,0.8660254037844384
2025-11-11,46.008698,29.252174,56.886955,203.47333,81.06106,145.97577,132.14783,314.06085,47.05652083333333,15.180638203945728,-0.5000000000000004,0.8660254037844384
2025-11-21,39.33913,46.008698,29.252174,203.73183,203.47333,81.06106,114.600006,341.30435,47.2956515,15.01806643769801,-0.5000000000000004,0.8660254037844384
2025-12-01,47.46087,39.33913,46.008698,229.25797,203.73183,203.47333,132.80869,382.18262,48.45362283333333,14.653939521547624,-2.4492935982947064e-16,1.0
2025-12-11,37.947826,47.46087,39.33913,267.31015,229.25797,203.73183,124.74783,407.08694,42.815942166666666,9.481825048771142,-2.4492935982947064e-16,1.0
2025-12-21,15.747826,37.947826,47.46087,159.49908,267.31015,229.25797,101.15652,384.93045,35.95942066666667,11.85025923306392,-2.4492935982947064e-16,1.0
2026-01-01,17.713043,15.747826,37.947826,177.63068,159.49908,267.31015,71.40869,362.1304,34.036232166666665,13.913262992713197,0.49999999999999994,0.8660254037844387
2026-01-11,17.452173,17.713043,15.747826,238.30913,177.63068,159.49908,50.91304,307.8087,29.27681133333333,13.882888718293326,0.49999999999999994,0.8660254037844387
2026-01-21,19.32174,17.452173,17.713043,300.30063,238.30913,177.63068,54.486954,270.2435,25.94057966666666,13.377171103957474,0.49999999999999994,0.8660254037844387
2026-02-01,4.5478263,19.32174,17.452173,80.101166,300.30063,238.30913,41.321735,245.53912,18.788405716666663,10.792117318047449,0.8660254037844386,0.5000000000000001
2026-02-11,45.886955,4.5478263,19.32174,401.5737,80.101166,300.30063,69.75652,245.41742,20.11159388333333,13.704685382407707,0.8660254037844386,0.5000000000000001
2026-02-21,20.243479,45.886955,4.5478263,132.53087,401.5737,80.101166,70.67826,226.32173,20.86086938333333,13.54029872675549,0.8660254037844386,0.5000000000000001
2026-03-01,16.81739,20.243479,45.886955,129.68195,132.53087,401.5737,82.94782,195.67825,20.711593883333332,13.586799943940536,1.0,6.123233995736766e-17
2026-03-11,34.791306,16.81739,20.243479,149.97215,129.68195,132.53087,71.85217,192.52174,23.60144938333333,14.563739516425914,1.0,6.123233995736766e-17
2026-03-21,34.391304,34.791306,16.81739,114.167145,149.97215,129.68195,86.0,211.16522,26.11304338333333,14.97176654392875,1.0,6.123233995736766e-17
2026-04-01,29.217392,34.391304,34.791306,95.01006,114.167145,149.97215,98.4,222.66957,30.224637666666663,10.619944579964518,0.8660254037844387,-0.4999999999999998
2026-04-11,38.373913,29.217392,34.391304,113.94632,95.01006,114.167145,101.982605,243.59131,28.97246399999999,8.667306216663523,0.8660254037844387,-0.4999999999999998
2026-04-21,37.191303,38.373913,29.217392,103.22819,113.94632,95.01006,104.78261,261.46088,31.79710133333333,7.988662769895855,0.8660254037844387,-0.4999999999999998
2026-05-01,64.48695,37.191303,38.373913,178.37582,103.22819,113.94632,140.05217,321.40002,39.742028,12.526747064125603,0.49999999999999994,-0.8660254037844387
2026-05-11,39.713043,64.48695,37.191303,92.47148,178.37582,103.22819,141.3913,315.2261,40.5623175,12.296754878169894,0.49999999999999994,-0.8660254037844387
2026-05-21,76.156525,39.713043,64.48695,150.1287,92.47148,178.37582,180.35652,371.13913,47.523187666666665,18.407578992044016,0.49999999999999994,-0.8660254037844387
2026-06-01,85.2,76.156525,39.713043,147.76073,150.1287,92.47148,201.06956,439.52173,56.85362233333333,21.242847210011867,1.2246467991473532e-16,-1.0
2026-06-11,115.58261,85.2,76.156525,170.18483,147.76073,150.1287,276.93915,520.313,69.7217385,29.56469733034167,1.2246467991473532e-16,-1.0
